,0,1,2,3,4,5,6,7,8,0,1,2,3,4,5,6,7,8,0,1,2,3,4,5,6,7,8,0,1,2,3,4,5,6,7,8,0,1,2,3,4,5,6,7,8,0,1,2,3,4,5,6,7,8,0,1,2,3,4,5,6,7,8,0
0,-6.19e-08,-9.15e-07,4.97e-08,3.76e-08,-8.78e-07,-4.21e-08,3.67e-07,-1.43e-06,-1.96e-07,0.0062,0.0013,0.000948,0.000836,0.000795,0.0013,0.000671,0.0019,0.000987,-0.0154,-0.0042,-0.0034,-0.0024,-0.0028,-0.0022,-0.0018,-0.0056,-0.0023,0.0097,0.0029,0.0024,0.0024,0.0021,0.0046,0.0019,0.0036,0.003,3.23e-07,-4.57e-08,-1.26e-07,-1.29e-07,3.64e-08,-1.66e-07,-9.42e-08,3.94e-07,-1.06e-07,-0.628,-0.87,-0.833,-0.0277,-0.573,1.3,-0.0038,-0.615,0.58,1.17,0.174,0.0932,0.105,0.0396,0.47,0.0,0.61,0.32,0
1,-3.3e-06,-1.94e-07,-4.74e-07,-4.29e-07,-1.17e-06,3.58e-08,-5.25e-07,-1.11e-06,-1.21e-06,0.0067,0.0016,0.000856,0.000647,0.000872,0.0012,0.000783,0.0022,0.000833,-0.0203,-0.005,-0.0022,-0.0018,-0.0028,-0.0036,-0.0021,-0.007,-0.0023,0.0141,0.002,0.0019,0.0014,0.0017,0.0024,0.002,0.0063,0.0025,6.64e-07,2.09e-07,7.02e-08,6.38e-08,1.09e-07,-5.14e-08,3.93e-08,1.28e-07,5.08e-08,-0.713,-1.41,-0.312,-0.35,-0.912,-0.116,-0.0222,-0.552,-0.282,1.31,0.067,0.0,0.0,0.0,0.263,0.0257,0.666,0.0559,2
2,-4.42e-07,-4.45e-07,-9.26e-07,-6.77e-07,1.07e-07,4.34e-07,5.51e-07,1.28e-06,-1.08e-06,0.0072,0.0017,0.000903,0.000645,0.00092,0.0012,0.000826,0.0023,0.000843,-0.0202,-0.005,-0.0022,-0.0018,-0.0028,-0.0036,-0.0022,-0.0072,-0.0022,0.0142,0.002,0.0019,0.0015,0.0018,0.0024,0.002,0.0061,0.0026,8.86e-07,3.41e-07,1.24e-07,6.32e-08,1.36e-07,-2.38e-08,7.94e-08,3.84e-07,9.95e-09,-0.609,-1.32,-0.339,-0.359,-0.823,-0.214,-0.0755,-0.717,-0.232,1.38,0.067,0.0,0.0,0.0,0.26,0.0162,0.651,0.067,3
3,-1.99e-07,-1.17e-06,-6.69e-07,-4.03e-07,-1.12e-06,-1.66e-06,-1.59e-06,2.71e-08,-1.19e-07,0.00082,0.000845,0.001,0.0014,0.000953,0.0011,0.000728,0.000779,0.0012,-0.0025,-0.0019,-0.0026,-0.0036,-0.0024,-0.0026,-0.0018,-0.0017,-0.0029,0.0017,0.0015,0.0025,0.0049,0.002,0.0027,0.0018,0.002,0.0027,-6.33e-08,-1.04e-07,-7.97e-08,-6.28e-08,-6.77e-08,-8.07e-08,-5.38e-08,-3.51e-08,-5.17e-08,-0.0578,-0.242,-0.0713,0.253,-0.331,-0.0687,-0.123,0.0357,-0.157,0.0,0.0,0.107,0.428,0.018,0.226,0.0,0.002,0.287,0
4,-3.02e-07,6.48e-07,3.15e-07,1.31e-06,7.18e-07,1.72e-08,-2.87e-07,2.14e-07,-2.86e-07,0.000664,0.000543,0.000682,0.0014,0.000633,0.000779,0.000564,0.000726,0.000913,-0.0019,-0.0015,-0.0017,-0.004,-0.0015,-0.0021,-0.0016,-0.0021,-0.0022,0.0016,0.0013,0.0021,0.0044,0.0014,0.0026,0.0017,0.0022,0.0025,1.52e-09,6.44e-08,1.24e-07,2.35e-07,1.19e-07,1.16e-07,8.05e-08,3.77e-08,1.4e-07,-0.183,-0.18,0.25,0.0427,-0.106,0.427,-0.102,-0.002,0.164,0.0,0.0,0.0364,0.41,0.0,0.0972,0.0,0.0387,0.127,2
5,-6.91e-07,-6.75e-08,1.66e-07,-5.64e-06,-1.05e-06,-2.1e-06,7.94e-08,1.24e-06,1.19e-06,0.000664,0.000568,0.00065,0.0013,0.00067,0.000693,0.000546,0.000741,0.000866,-0.0019,-0.0015,-0.0017,-0.0038,-0.0015,-0.002,-0.0015,-0.0021,-0.0021,0.0016,0.0014,0.0022,0.0034,0.0014,0.0018,0.0011,0.0023,0.0024,-4.86e-08,9.02e-08,9.55e-08,1.44e-07,1.57e-07,8.38e-08,8.25e-08,2.26e-09,8.98e-08,-0.0921,-0.166,0.249,-0.0677,0.0052,0.101,-0.339,0.0664,0.13,0.0,0.0,0.0479,0.349,0.0,0.0,0.0,0.0479,0.108,3
6,2.11e-06,-5.76e-07,4.88e-07,8.09e-08,-1.02e-06,2.91e-07,6.9e-07,1.99e-06,1.29e-06,0.0016,0.000352,0.000557,0.000539,0.000554,0.000618,0.000443,0.0015,0.000841,-0.0054,-0.001,-0.0015,-0.0017,-0.0013,-0.0013,-0.000904,-0.0051,-0.0021,0.003,0.000839,0.0011,0.0014,0.0015,0.002,0.0017,0.003,0.0023,1.73e-07,4.39e-08,2.04e-08,-6.58e-09,8.16e-08,-2.92e-08,-5.73e-08,1.32e-07,-1.98e-07,-0.894,0.219,-0.554,-0.913,0.358,0.322,0.452,-0.97,-0.0411,0.432,0.0,0.0,0.0,0.0,0.002,0.0,0.422,0.007,0
7,-3.86e-07,8.97e-08,1.7e-07,1.37e-07,-1.15e-07,2.33e-07,9.72e-07,-1.14e-08,1.55e-06,0.0011,0.000274,0.000785,0.000625,0.000418,0.000931,0.000887,0.000898,0.0014,-0.0021,-0.000653,-0.0022,-0.0018,-0.000979,-0.0019,-0.0016,-0.0018,-0.0029,0.0027,0.000842,0.0019,0.0013,0.0012,0.002,0.0023,0.0025,0.0036,2.36e-08,3.18e-08,5.07e-08,1.6e-08,4.09e-08,6.7e-08,7.54e-09,1.15e-08,-1.53e-10,0.329,0.167,-0.693,-0.463,0.432,0.2,0.346,0.699,0.53,0.366,0.0,0.0,0.0,0.0,0.0455,0.139,0.305,0.542,2
8,2.06e-06,3.36e-08,-7.42e-07,-1.16e-06,-1.52e-07,-4.3e-07,-3.25e-07,9.13e-07,-1.39e-06,0.0011,0.000273,0.000813,0.00066,0.000413,0.000964,0.000936,0.000951,0.0015,-0.0021,-0.00064,-0.0022,-0.0018,-0.000954,-0.0019,-0.0016,-0.0017,-0.003,0.0027,0.000856,0.0019,0.0013,0.0012,0.0021,0.0023,0.0026,0.0035,1.39e-08,3.78e-08,6.67e-08,-1.69e-08,3.93e-08,9.46e-08,2.85e-08,-2.8e-09,9.32e-08,0.369,0.168,-0.676,-0.317,0.509,0.25,0.323,0.713,0.475,0.415,0.0,0.0,0.0,0.0,0.0595,0.15,0.345,0.577,3
9,-1.17e-06,2.12e-06,5.02e-07,-5.09e-07,1e-06,-1.02e-06,-6.74e-07,3.43e-06,-3.13e-07,0.0012,0.000832,0.000742,0.000554,0.000877,0.0011,0.000876,0.0016,0.000939,-0.0045,-0.0027,-0.0017,-0.0012,-0.0022,-0.0028,-0.0019,-0.0044,-0.0019,0.0021,0.0019,0.002,0.0016,0.0025,0.0024,0.0035,0.0027,0.0033,2.72e-07,-1.51e-08,2.86e-08,7.27e-08,3.21e-09,1.74e-07,-1.24e-08,6e-08,4.96e-08,-0.847,-0.289,0.0386,0.15,0.0655,-0.403,0.462,-1.01,0.231,0.0856,0.0,0.0742,0.0,0.135,0.219,0.139,0.245,0.119,0
10,-2.25e-06,1.12e-06,3.06e-07,9.09e-07,-1.08e-06,-7.48e-07,1.2e-06,-2.58e-06,2.26e-06,0.0016,0.000896,0.000828,0.000639,0.0011,0.0016,0.0011,0.0016,0.0013,-0.0048,-0.002,-0.0017,-0.0013,-0.0034,-0.0039,-0.002,-0.0069,-0.0022,0.0039,0.0029,0.0025,0.0016,0.0036,0.0042,0.0028,0.0027,0.0039,3.02e-08,-7.82e-08,-1.25e-07,-9.24e-08,-1.08e-07,-6.73e-08,-2.58e-07,2.54e-07,-2.1e-07,-0.928,0.65,0.739,0.702,0.127,-0.563,0.9,-1.05,0.896,0.254,0.25,0.21,0.0,0.313,0.289,0.464,0.524,0.483,2
11,-9.53e-07,2.51e-07,1.01e-06,8.5e-07,6.18e-07,-8.47e-07,1.95e-06,-2.19e-06,1.68e-06,0.0016,0.000945,0.000865,0.000663,0.0012,0.0017,0.0012,0.0017,0.0013,-0.0049,-0.002,-0.0017,-0.0013,-0.0033,-0.004,-0.0021,-0.0067,-0.0024,0.0038,0.0029,0.0025,0.0016,0.0036,0.0041,0.0026,0.0028,0.0038,1.65e-07,-1.09e-07,-1.43e-07,-1.04e-07,-2.34e-07,-1.19e-08,-2.68e-07,2.4e-07,-1.48e-07,-1.01,0.61,0.649,0.621,0.204,-0.634,0.709,-0.863,0.715,0.26,0.278,0.23,0.0,0.36,0.252,0.515,0.619,0.494,3
12,1.86e-05,-2.3e-07,-9.03e-07,-9.87e-07,-3.55e-06,-2.67e-06,-2.47e-06,2.02e-05,-3.22e-06,0.0036,0.000715,0.000591,0.001,0.0015,0.00078,0.0033,0.0035,0.000873,-0.0112,-0.002,-0.0017,-0.0031,-0.0037,-0.0022,-0.0089,-0.0121,-0.0023,0.0087,0.002,0.0011,0.0017,0.0031,0.002,0.0053,0.0076,0.0023,-3.7e-09,4.37e-08,4.43e-08,1.17e-07,3.68e-07,1.93e-08,5.36e-07,-5.34e-07,-5.49e-08,-0.256,-0.351,-0.573,-1.32,-0.143,-0.32,-0.814,-0.418,-0.122,1.12,0.0,0.0,0.0,0.479,0.0171,0.808,0.974,0.0524,0
13,-2.33e-06,-6.21e-07,-9.02e-07,-1.04e-06,-5.76e-06,-2.29e-06,-1.41e-06,5.59e-07,-2.42e-06,0.0034,0.000771,0.000465,0.000824,0.0017,0.000823,0.0023,0.0028,0.0011,-0.0137,-0.0019,-0.0015,-0.0032,-0.003,-0.0023,-0.0083,-0.0094,-0.0023,0.0073,0.0022,0.0012,0.0022,0.0038,0.0028,0.0035,0.0068,0.0027,3.03e-07,5.05e-08,-4.55e-09,1.13e-08,-6.7e-08,-6.61e-08,5.35e-09,2.74e-07,-1.04e-07,-1.04,0.0162,-0.137,-1.53,0.426,0.514,-1.89,-0.67,0.231,1.01,0.0675,0.0,0.0645,0.725,0.169,0.513,0.781,0.264,2
14,-4.34e-07,-8.12e-07,-6.07e-07,7.08e-09,1.01e-06,1.63e-06,1.49e-06,-3.17e-06,1.45e-06,0.0035,0.000812,0.000486,0.000877,0.0015,0.000867,0.0024,0.0028,0.0012,-0.0136,-0.0019,-0.0015,-0.0032,-0.0028,-0.0023,-0.0083,-0.0094,-0.0024,0.0075,0.0022,0.0012,0.0022,0.0035,0.0028,0.0035,0.0068,0.0027,3.03e-07,1.06e-07,-5.28e-09,5.82e-09,-4.11e-07,-5.78e-08,-4.53e-09,4.14e-07,-1.27e-07,-1.16,-0.0053,-0.137,-1.49,0.554,0.394,-1.79,-0.688,0.126,1.03,0.0727,0.0,0.075,0.606,0.173,0.571,0.798,0.29,3
15,-6.65e-07,-1.03e-06,-1.39e-06,1.88e-07,-1.24e-06,3.72e-07,1.08e-07,3.6e-08,1.36e-06,0.0015,0.000577,0.000825,0.000789,0.000456,0.000943,0.00078,0.000742,0.00088,-0.0059,-0.0013,-0.002,-0.0018,-0.000989,-0.0029,-0.0014,-0.0016,-0.0016,0.0025,0.0017,0.0021,0.0021,0.0013,0.0023,0.0019,0.0016,0.0022,-5.4e-08,2.87e-08,6.54e-08,2.41e-08,5.65e-08,6.99e-09,-1.36e-08,-5.01e-08,-3.25e-08,-1.63,0.36,0.429,0.521,0.136,-0.122,0.586,0.0071,0.477,0.206,0.0,0.152,0.135,0.0,0.0914,0.0,0.0,0.0734,0
16,3.59e-07,1.44e-06,-2.23e-06,9.93e-08,-5.87e-08,1.26e-06,1.53e-08,3.01e-06,1.28e-06,0.000946,0.000534,0.000892,0.00075,0.000463,0.000787,0.000627,0.000774,0.000824,-0.003,-0.0013,-0.0017,-0.0018,-0.0011,-0.002,-0.0013,-0.0026,-0.0019,0.002,0.0018,0.0027,0.0019,0.0016,0.0017,0.0017,0.0018,0.002,5.92e-08,3.2e-08,2.41e-08,-4.31e-09,3.88e-08,-5.71e-09,-2.59e-08,3.74e-08,-1.49e-08,-0.639,0.846,0.845,0.0502,0.499,-0.087,0.316,-0.682,0.245,0.0,0.0,0.279,0.0,0.0,0.0,0.0,0.0,0.0,2
17,-7.46e-08,4.34e-07,2.21e-08,5.96e-08,-4.54e-07,-3.57e-07,-2.54e-07,-8.41e-07,-1.46e-06,0.000994,0.000543,0.000949,0.000803,0.000479,0.000813,0.000674,0.000801,0.000875,-0.003,-0.0013,-0.0017,-0.0018,-0.001,-0.002,-0.0013,-0.0025,-0.0019,0.002,0.0018,0.0027,0.0019,0.0016,0.0016,0.0017,0.0019,0.002,4.3e-08,2.87e-08,-2.17e-08,-1.17e-08,2.52e-08,2e-08,-6.58e-08,-1.06e-08,-3.9e-08,-0.563,0.769,0.957,0.0537,0.613,-0.113,0.38,-0.58,0.271,0.0342,0.0,0.323,0.0,0.0,0.0,0.0,0.0,0.0063,3
18,6.41e-07,-2.36e-07,-8.32e-07,-4.41e-07,-6.1e-07,-2.15e-06,-3.92e-07,-2.26e-08,-9.78e-07,0.000648,0.000372,0.000582,0.000571,0.00039,0.000652,0.000474,0.000471,0.000509,-0.0021,-0.000816,-0.0014,-0.0014,-0.0012,-0.0026,-0.0012,-0.00077,-0.0015,0.0013,0.000855,0.0018,0.002,0.00086,0.0022,0.0014,0.0011,0.0016,6.11e-08,6.04e-08,6.36e-09,3.39e-08,2.99e-08,7.5e-08,-3.03e-08,3.08e-08,1.2e-08,-1.3,-0.0607,0.226,0.343,-0.49,-0.554,0.531,0.238,0.351,0.0,0.0,0.0,0.0158,0.0,0.0224,0.0,0.0,0.0,0
19,-2.75e-07,-2.85e-07,4.4e-07,3.68e-07,2.84e-07,-6.99e-08,1.06e-06,3.13e-07,1.03e-06,0.000579,0.000354,0.000719,0.000597,0.000481,0.001,0.000611,0.000577,0.000875,-0.0017,-0.000826,-0.0014,-0.0013,-0.0011,-0.0027,-0.0012,-0.001,-0.002,0.0016,0.000875,0.0018,0.0014,0.0011,0.0026,0.0016,0.0023,0.0022,1.93e-08,-3.88e-08,-7.68e-08,-1.95e-08,-5.76e-08,-1.1e-07,-7.05e-08,-7.85e-08,-1.41e-07,-0.106,-0.145,0.788,0.205,-0.0216,-0.0921,0.358,0.852,0.281,0.0,0.0,0.0,0.0,0.0,0.226,0.0,0.0795,0.202,2
20,-1.1e-07,1.38e-06,5.69e-07,3.19e-08,1.02e-06,1.56e-06,2.62e-07,6.71e-07,7.07e-07,0.000588,0.000342,0.000754,0.000627,0.000499,0.0011,0.000627,0.0006,0.000904,-0.0016,-0.000873,-0.0015,-0.0014,-0.0011,-0.0028,-0.0013,-0.0011,-0.0021,0.0017,0.000843,0.0017,0.0014,0.0011,0.0025,0.0015,0.0023,0.0021,-4.21e-08,-2.42e-08,-4.91e-08,1.85e-08,-4.53e-08,-8.57e-08,-3.12e-08,-6.39e-08,-1.16e-07,0.0913,-0.059,0.584,0.0364,-0.192,-0.279,0.168,0.684,0.0747,0.0,0.0,0.0,0.0,0.0,0.24,0.0,0.0831,0.196,3
21,-8.25e-07,-1.55e-06,-1.03e-06,-5.57e-07,-1.47e-06,-1.07e-06,-7.3e-07,-5.44e-07,-3.22e-07,0.000431,0.000469,0.00075,0.000596,0.000779,0.000429,0.000324,0.000629,0.000272,-0.000865,-0.000994,-0.0014,-0.0011,-0.0015,-0.000711,-0.000752,-0.0014,-0.000617,0.0014,0.0012,0.0017,0.0013,0.0022,0.0011,0.000937,0.0019,0.000675,6.87e-08,7.8e-08,1.82e-07,1.3e-07,1.56e-07,4.16e-08,6.95e-08,1.72e-07,-8.39e-09,0.295,0.337,0.207,0.217,0.62,0.612,0.135,0.0376,-0.166,0.0,0.0,0.0,0.0,0.125,0.0,0.0,0.0,0.0,0
22,-3.53e-07,4.24e-08,-2.61e-07,2.36e-07,-8.85e-07,-5.59e-07,1.98e-07,-5.46e-07,2.98e-07,0.000459,0.00036,0.000566,0.000527,0.000507,0.000561,0.000263,0.000537,0.000462,-0.001,-0.000768,-0.0012,-0.0011,-0.0011,-0.000961,-0.000644,-0.0012,-0.001,0.0016,0.000816,0.0013,0.0013,0.0014,0.0015,0.000719,0.002,0.0013,-2.43e-09,-2.69e-08,3.9e-08,-2.4e-09,-3.61e-08,-6.76e-08,4.42e-09,1.48e-08,-6.55e-08,0.39,-0.196,-0.0515,0.303,0.215,0.743,0.179,0.333,0.575,0.0,0.0,0.0,0.0,0.0,0.0,0.0,0.0247,0.0,2
23,-4.96e-07,4.85e-07,5.1e-07,2.04e-07,7.44e-07,6.87e-07,2.18e-07,8.02e-07,9.81e-08,0.000442,0.000363,0.000599,0.000548,0.000497,0.000573,0.000267,0.000572,0.000461,-0.000977,-0.000777,-0.0012,-0.0011,-0.000969,-0.000981,-0.000641,-0.0012,-0.0011,0.0013,0.000807,0.0013,0.0013,0.0014,0.0014,0.000722,0.002,0.0013,-8.29e-08,-3.14e-08,3.8e-08,-3.17e-09,-5.65e-08,-8.26e-08,4.65e-09,1.86e-08,-5.06e-08,0.404,-0.296,0.0281,0.339,0.333,0.684,0.171,0.343,0.653,0.0,0.0,0.0,0.0,0.0,0.0,0.0,0.0299,0.0,3
24,-2.39e-06,3.61e-06,-2.19e-07,1.16e-07,1.18e-06,-7.7e-07,-3.61e-08,-1.58e-06,-3.22e-07,0.0016,0.000964,0.00038,0.000417,0.000672,0.000348,0.000289,0.000942,0.000354,-0.0045,-0.0035,-0.000817,-0.001,-0.0019,-0.000751,-0.00077,-0.0019,-0.000783,0.0034,0.0025,0.001,0.001,0.002,0.000831,0.000706,0.0022,0.000876,2.54e-07,7.03e-08,3.99e-08,2.37e-08,7.62e-08,4.9e-08,3.96e-08,7.06e-08,3.66e-08,-0.469,-0.566,0.316,-0.0754,0.288,-0.0974,-0.308,0.219,0.0689,0.448,0.165,0.0,0.0,0.0333,0.0,0.0,0.138,0.0,0
25,6.44e-08,-1.5e-06,2.98e-07,9.74e-08,-1.36e-06,-3.47e-07,3.22e-07,-2.44e-07,-3.08e-07,0.002,0.0011,0.000672,0.000597,0.000886,0.000379,0.000496,0.0015,0.000424,-0.0058,-0.0029,-0.0011,-0.0012,-0.0021,-0.000881,-0.000817,-0.0055,-0.000733,0.005,0.0029,0.0013,0.0013,0.0029,0.001,0.000944,0.0033,0.000928,3.61e-08,6.17e-08,6.92e-09,3.55e-08,6.02e-08,1.86e-08,8.75e-09,8.72e-08,2.22e-08,-0.411,-0.229,0.329,0.0526,0.63,0.33,0.378,-0.934,0.249,0.495,0.244,0.0,0.0,0.219,0.0,0.0,0.391,0.0,2
26,1.63e-06,2.54e-06,1.32e-06,1.15e-06,2.25e-06,9.59e-07,7.73e-07,4.86e-07,1.09e-06,0.0021,0.0011,0.000701,0.000615,0.000907,0.000392,0.00052,0.0016,0.000434,-0.0058,-0.0029,-0.0012,-0.0013,-0.0021,-0.000906,-0.000863,-0.0055,-0.000775,0.005,0.0029,0.0012,0.0012,0.0029,0.001,0.000897,0.0033,0.000886,7.05e-08,1.08e-07,8.31e-08,1.28e-07,9.04e-08,6.05e-08,7.03e-08,1.58e-07,8.68e-08,-0.413,-0.207,0.133,-0.127,0.707,0.215,0.149,-0.933,0.0974,0.548,0.274,0.0,0.0,0.248,0.0,0.0,0.417,0.0,3
27,-1.12e-06,-9.43e-07,-2.07e-06,-1.7e-06,-1.82e-06,-2.43e-06,-1.25e-06,-2.09e-06,-1.93e-06,0.0018,0.000852,0.000734,0.000541,0.000856,0.000791,0.000499,0.0015,0.000663,-0.006,-0.0035,-0.0026,-0.0017,-0.0032,-0.0027,-0.0021,-0.0027,-0.0022,0.0045,0.0025,0.0015,0.0013,0.0017,0.0019,0.000894,0.0036,0.0015,-8.76e-08,-7.26e-08,-2.21e-09,5.63e-08,2.08e-10,-5.99e-08,-9.52e-09,-1.06e-07,-7.39e-08,-0.427,-1.0,-0.915,-0.31,-0.663,-0.571,-1.48,-0.0421,-0.436,0.546,0.0605,0.0,0.0,0.0,0.0,0.0,0.47,0.0,0
28,-1.31e-06,4.2e-07,-2.55e-07,-9.36e-07,-9.14e-07,-2.7e-06,-2.04e-07,-2.28e-06,-8.74e-07,0.0023,0.000818,0.000695,0.000505,0.000952,0.000981,0.000419,0.0013,0.000645,-0.0106,-0.0019,-0.0018,-0.0013,-0.0024,-0.0019,-0.0012,-0.0027,-0.002,0.0049,0.0021,0.0013,0.0012,0.0021,0.0051,0.000911,0.0031,0.0016,5.01e-08,1.88e-08,-3.28e-08,-2.57e-08,-1.5e-07,7.11e-08,-6.03e-08,-1.1e-07,-8.23e-08,-0.869,0.111,-0.447,0.0936,-0.11,1.53,-0.228,-0.0628,-0.0101,0.646,0.109,0.0,0.0,0.0459,0.157,0.0,0.404,0.0,2
29,6.04e-06,-3.15e-06,-9.33e-07,1.88e-07,-8.22e-07,1.91e-06,-3.28e-07,-4.37e-07,-1.27e-07,0.002,0.000745,0.000688,0.000495,0.000996,0.000662,0.000393,0.0014,0.000633,-0.007,-0.0019,-0.0018,-0.0013,-0.0025,-0.0015,-0.000777,-0.0027,-0.0014,0.0043,0.0019,0.0013,0.0012,0.002,0.0014,0.000886,0.0031,0.0014,1.42e-07,1.27e-08,-3.32e-08,-3.23e-08,-2.04e-07,-7.63e-08,-6.24e-08,-1.27e-07,-1.26e-07,-0.773,-0.166,-0.401,0.131,-0.182,-0.0361,0.138,-0.12,-0.0186,0.585,0.0,0.0,0.0,0.0462,0.0,0.0,0.432,0.0,3
30,2.77e-06,1.29e-06,7.71e-07,6.31e-07,1.3e-06,1.83e-06,1.49e-06,2.52e-06,1.87e-06,0.0014,0.000661,0.000665,0.000703,0.000788,0.001,0.000734,0.000683,0.000519,-0.0021,-0.0017,-0.0018,-0.0017,-0.0019,-0.002,-0.0018,-0.0015,-0.0013,0.0038,0.0018,0.0014,0.0019,0.002,0.004,0.0019,0.0024,0.0014,1.64e-07,8.12e-08,9.02e-08,8.37e-08,1.24e-08,9.48e-08,6.49e-08,5.85e-08,1.5e-09,0.522,0.0726,-0.315,0.151,-0.0734,1.12,0.187,0.977,0.167,0.557,0.0,0.0,0.0,0.05,0.318,0.0,0.127,0.0,0
31,9.27e-07,1.95e-06,1.2e-06,1.11e-06,2.07e-06,1.68e-06,9.14e-07,1.37e-06,1.14e-06,0.000822,0.0008,0.000714,0.000628,0.000899,0.000913,0.000678,0.000621,0.000611,-0.0015,-0.0017,-0.0016,-0.0015,-0.0023,-0.0017,-0.0013,-0.0014,-0.0012,0.0029,0.0024,0.002,0.0016,0.0023,0.0022,0.0018,0.002,0.002,-2.92e-08,6.23e-08,6.27e-08,2.37e-08,4.25e-08,6.86e-08,3.18e-08,-1.92e-09,4.91e-08,0.657,0.404,0.288,0.452,-0.0375,0.189,0.628,0.271,0.564,0.128,0.0964,0.0285,0.0,0.0718,0.153,0.0,0.0055,0.0,2
32,-1e-07,-1.19e-06,-6.14e-07,4.36e-07,-1.82e-06,-7.28e-07,-5.35e-07,-8.62e-07,-1.51e-06,0.000844,0.000772,0.000753,0.000618,0.000796,0.000918,0.000695,0.00062,0.000598,-0.0016,-0.0017,-0.0017,-0.0013,-0.0015,-0.0018,-0.0014,-0.0014,-0.0012,0.0028,0.0022,0.002,0.0015,0.0021,0.0021,0.0017,0.0019,0.0019,6.99e-08,2.36e-07,1.44e-07,1.48e-07,2.5e-07,2.62e-07,1.35e-07,6.45e-08,1.65e-07,0.468,0.477,0.192,0.423,0.334,-0.0329,0.509,0.229,0.64,0.123,0.0905,0.0115,0.0,0.0608,0.0472,0.0,0.0,0.0,3
33,-1.25e-06,-2.14e-07,-1.51e-07,1.54e-08,-3.25e-08,-4.17e-07,3.54e-07,-9.86e-07,-5.14e-07,0.0011,0.00038,0.000239,0.000222,0.00043,0.000558,0.000686,0.000853,0.000371,-0.0027,-0.00091,-0.000583,-0.000794,-0.001,-0.0014,-0.0016,-0.0027,-0.0014,0.0021,0.000836,0.00076,0.00057,0.0014,0.0012,0.0013,0.0014,0.000704,6.99e-08,1.01e-07,4.25e-08,3.02e-08,9.25e-08,1.89e-08,-6.39e-08,1.92e-07,3.04e-08,-0.243,0.192,0.471,-0.264,0.429,-0.735,-0.198,-1.15,-1.55,0.0945,0.0,0.0,0.0,0.0,0.0,0.0,0.0,0.0,0
34,-1.73e-06,-8.46e-07,-2.94e-07,-1.21e-09,-1.44e-06,-1.22e-06,-1.62e-07,-8.18e-07,-8.11e-07,0.000913,0.000575,0.000181,0.000179,0.000572,0.000484,0.000496,0.000891,0.000404,-0.0027,-0.0018,-0.000412,-0.000492,-0.0016,-0.0013,-0.000974,-0.003,-0.0013,0.0024,0.0012,0.000477,0.00041,0.0015,0.0012,0.0014,0.0021,0.000903,1.48e-08,-1.83e-08,-1.35e-08,6.57e-10,3.85e-09,4.03e-08,-3.18e-08,-6.6e-08,-1.22e-08,-0.357,-0.444,0.19,-0.309,-0.212,-0.26,0.599,-0.957,-0.54,0.142,0.0,0.0,0.0,0.0,0.0,0.0,0.0236,0.0,2
35,1.91e-06,5.52e-07,2.91e-07,-9.24e-08,-2.97e-07,-7.46e-08,-4.67e-07,2.06e-07,-9.99e-08,0.000795,0.000605,0.000185,0.000187,0.000582,0.000448,0.000529,0.000901,0.00043,-0.0026,-0.0018,-0.000399,-0.000484,-0.0015,-0.0012,-0.000956,-0.003,-0.0013,0.0013,0.0012,0.00049,0.000418,0.0016,0.000954,0.0014,0.002,0.000915,-1.1e-07,-7.43e-08,-3.71e-08,-9.57e-09,-7.71e-08,-1.88e-08,-6.94e-08,-1.82e-08,-3.35e-08,-1.26,-0.295,0.319,-0.227,0.0067,-0.554,0.661,-1.16,-0.471,0.0,0.0,0.0,0.0,0.0,0.0,0.0,0.018,0.0,3
36,3.49e-06,-8.53e-07,1.62e-06,3.29e-09,3.22e-07,8.43e-07,1.51e-06,2.47e-06,5.22e-07,0.0013,0.000755,0.00046,0.000407,0.00054,0.000536,0.000413,0.000802,0.000531,-0.0036,-0.0019,-0.0011,-0.0011,-0.0013,-0.0014,-0.0012,-0.0017,-0.0013,0.0025,0.0025,0.0012,0.0012,0.0015,0.0014,0.0011,0.0016,0.0012,-2.02e-08,1.08e-07,-1.85e-08,-9.66e-09,8.03e-08,1.91e-08,1.51e-08,1.08e-08,-5.86e-08,-0.664,0.0999,0.175,-0.187,-0.146,-0.118,-0.274,-0.18,-0.01,0.254,0.0689,0.0,0.0,0.0,0.0,0.0,0.0,0.0,0
37,-8.92e-07,-2.28e-06,1.26e-06,1.27e-06,1.61e-07,-3.54e-07,1.02e-07,-2.93e-07,3.25e-07,0.0012,0.00067,0.000655,0.000529,0.000388,0.000565,0.000494,0.000729,0.000542,-0.0035,-0.0013,-0.0014,-0.0012,-0.0011,-0.0015,-0.001,-0.0019,-0.0015,0.0018,0.0018,0.0015,0.0011,0.00091,0.0016,0.0012,0.0014,0.0012,1e-07,-7.44e-09,7.64e-08,8.1e-08,6.66e-08,6.95e-08,6.93e-08,1.08e-07,3.86e-08,-1.01,0.575,0.0342,-0.212,-0.301,-0.276,0.213,-0.808,0.0902,0.0,0.0,0.0,0.0,0.0,0.0,0.0,0.0,0.0,2
38,-2e-06,2.62e-07,4.69e-08,-1.64e-06,-7.01e-07,-1.66e-07,-1.48e-06,-2.01e-06,-4.13e-07,0.0013,0.000627,0.000629,0.000505,0.000387,0.000558,0.000468,0.000734,0.000508,-0.0035,-0.0012,-0.0014,-0.0012,-0.001,-0.0015,-0.0011,-0.0019,-0.0015,0.0017,0.0015,0.0014,0.00093,0.000937,0.0016,0.0011,0.0014,0.0012,2.18e-07,-8.6e-08,2.33e-07,1.71e-07,7.19e-08,1.61e-07,1.57e-07,1.78e-07,1.1e-07,-1.07,0.402,-0.0066,-0.355,-0.322,-0.324,0.196,-0.847,0.0736,0.0,0.0,0.0,0.0,0.0,0.0,0.0,0.0,0.0,3
39,3.74e-07,4.69e-07,5.98e-07,-2.31e-07,-3.9e-08,1.56e-07,1.21e-07,5.44e-07,-1.17e-07,0.000498,0.000634,0.001,0.000852,0.000825,0.0014,0.0012,0.000714,0.0013,-0.001,-0.0016,-0.0033,-0.0026,-0.0021,-0.004,-0.0033,-0.0017,-0.0039,0.0014,0.0012,0.0026,0.0022,0.0018,0.0037,0.0032,0.0016,0.0033,-2.34e-08,-1.14e-07,-1.68e-07,-1.22e-07,-1.44e-07,-1.46e-07,-2.14e-07,-6.73e-08,-1.38e-07,0.226,-0.246,-0.5,-0.44,-0.194,-0.27,-0.281,-0.0401,-0.235,0.0,0.0,0.0781,0.0359,0.0,0.383,0.352,0.0,0.345,0
40,1.23e-06,2.04e-06,3.47e-06,3.06e-06,2.3e-06,4.3e-06,3.68e-06,1.49e-06,3.27e-06,0.000604,0.00079,0.0011,0.000944,0.000892,0.0013,0.0012,0.000852,0.0014,-0.0012,-0.0014,-0.0026,-0.0021,-0.0019,-0.0034,-0.0027,-0.0017,-0.0033,0.0011,0.0015,0.0027,0.0021,0.0019,0.0031,0.0028,0.0016,0.0033,-1.62e-08,-3.35e-08,-4.59e-08,-6.08e-08,-5.84e-08,-7.98e-08,-7.33e-08,-5.09e-08,-6.48e-08,-0.11,-0.105,-0.179,-0.176,0.0725,-0.251,0.0285,-0.0043,-0.122,0.0,0.0,0.168,0.0628,0.0,0.372,0.388,0.0,0.394,2
41,-1.53e-07,-4.52e-07,-4.6e-07,-3.35e-07,-2.11e-07,2.62e-07,1.15e-08,-9.01e-07,5.64e-07,0.000623,0.000801,0.0012,0.000946,0.000919,0.0013,0.0012,0.000894,0.0014,-0.0012,-0.0015,-0.0028,-0.0022,-0.002,-0.0035,-0.0028,-0.0018,-0.0034,0.0011,0.0014,0.0026,0.002,0.0018,0.0029,0.0027,0.0015,0.0032,1.83e-08,4.6e-08,7.66e-08,3.08e-08,1.77e-08,6.55e-08,4.91e-08,-9.76e-09,4.98e-08,-0.172,-0.206,-0.269,-0.26,-0.0836,-0.325,-0.103,-0.129,-0.245,0.0,0.0,0.156,0.0463,0.0,0.375,0.396,0.0,0.415,3
42,8.64e-08,1.01e-06,2.32e-07,-7.05e-07,8.5e-07,-7.59e-07,3.56e-07,8.09e-07,-3.75e-07,0.0019,0.000767,0.000747,0.000655,0.000952,0.000693,0.000665,0.001,0.000397,-0.0072,-0.0027,-0.0028,-0.0024,-0.0033,-0.0023,-0.0024,-0.0033,-0.000946,0.0023,0.0016,0.0014,0.0012,0.0017,0.0014,0.0015,0.0012,0.000747,2.27e-07,3.13e-08,-1.09e-08,1.16e-08,4.41e-08,9.72e-09,4.48e-08,2.4e-08,-3.52e-08,-2.43,-1.01,-1.02,-1.15,-0.867,-1.14,-1.1,-1.83,-0.206,0.158,0.0,0.0,0.0,0.0,0.0,0.0,0.0,0.0,0
43,-4.52e-07,4.84e-07,3.88e-07,-8.45e-08,1.14e-07,1.84e-08,-2.12e-08,-5.91e-07,8.81e-07,0.001,0.00098,0.000694,0.000447,0.000711,0.000545,0.000435,0.000747,0.000416,-0.0024,-0.0026,-0.0023,-0.0015,-0.002,-0.0015,-0.0013,-0.0017,-0.0012,0.002,0.0028,0.0011,0.001,0.0013,0.0011,0.000779,0.0017,0.000904,1.1e-07,1.58e-07,1.19e-07,4.08e-08,1.57e-07,4.58e-08,7.05e-08,8.09e-08,3.82e-08,-0.204,-0.0628,-1.21,-0.69,-0.759,-0.333,-0.734,-0.172,-0.458,0.0129,0.157,0.0,0.0,0.0,0.0,0.0,0.0,0.0,2
44,-3.57e-07,-2.42e-06,-1.41e-06,-1.35e-06,-1.65e-06,-2.7e-07,-4.34e-07,-4.69e-07,-6.55e-07,0.0011,0.001,0.000716,0.000462,0.000705,0.000551,0.000435,0.000785,0.000442,-0.0023,-0.0025,-0.0023,-0.0015,-0.0019,-0.0015,-0.0012,-0.0017,-0.0012,0.0021,0.0028,0.0011,0.001,0.0014,0.0011,0.000752,0.0017,0.000899,6.63e-08,1.53e-07,1.13e-07,1.93e-08,1.25e-07,-1.09e-08,6.24e-08,6.09e-08,6.57e-08,-0.005,0.118,-1.09,-0.559,-0.645,-0.121,-0.728,0.0068,-0.462,0.0282,0.206,0.0,0.0,0.0,0.0,0.0,0.0,0.0,3
45,-7.5e-07,3.34e-07,7.53e-07,5.76e-07,-4.83e-08,-1.07e-06,4.11e-08,3.59e-07,-8.99e-07,0.0013,0.00076,0.000686,0.000605,0.0011,0.000654,0.000359,0.0015,0.000367,-0.0033,-0.0018,-0.0016,-0.0019,-0.0024,-0.0014,-0.000681,-0.0038,-0.001,0.0029,0.0018,0.0016,0.0013,0.0028,0.002,0.000988,0.0032,0.0012,2.64e-07,-6.41e-09,-5.14e-08,-1.21e-08,1.79e-07,4.55e-08,1.17e-08,2.28e-07,3.58e-08,-0.7,0.108,-0.0668,-0.578,0.18,0.278,0.694,-0.126,0.0702,0.163,0.0,0.0,0.0,0.335,0.0322,0.0,0.548,0.0,0
46,-5.31e-06,-2.79e-06,-1.86e-06,-7.89e-07,-2.73e-06,-2.12e-06,-1.1e-06,-3.09e-06,-1.43e-06,0.0017,0.000863,0.00078,0.000556,0.0014,0.000578,0.000363,0.0014,0.000369,-0.0048,-0.0021,-0.0024,-0.0022,-0.0039,-0.0017,-0.000918,-0.0031,-0.00081,0.0036,0.0026,0.0026,0.0013,0.0021,0.0015,0.000804,0.0032,0.0011,-6.76e-08,-4.11e-09,1.62e-08,2.99e-08,1.6e-07,2.19e-08,3.52e-09,1.68e-07,1.21e-08,-0.26,0.323,0.289,-1.23,-0.711,0.199,0.321,-0.0748,0.209,0.584,0.16,0.14,0.0,0.164,0.0,0.0,0.457,0.0,2
47,9.53e-07,1.25e-06,-1.44e-07,7.97e-08,1.22e-06,1.04e-06,1.71e-07,2.51e-07,5.24e-07,0.0016,0.000855,0.000793,0.000552,0.0015,0.000542,0.000345,0.0014,0.000372,-0.0046,-0.002,-0.0024,-0.0022,-0.0038,-0.001,-0.000887,-0.0029,-0.00081,0.0034,0.0026,0.0026,0.0013,0.0022,0.0015,0.000834,0.0033,0.0011,-3.66e-07,-3.72e-08,5.44e-09,-1.34e-08,1.45e-07,1.11e-08,-3.57e-08,9.95e-08,1.57e-08,-0.51,0.433,0.296,-1.42,-0.71,0.423,0.371,-0.0105,0.252,0.483,0.19,0.162,0.0,0.222,0.0,0.0,0.376,0.0,3
48,-1.42e-07,-1.85e-06,-9.24e-07,-1.48e-06,-2.93e-06,-1.67e-06,-5.61e-07,-1.09e-06,-1.25e-06,0.000401,0.000711,0.000683,0.000687,0.000774,0.00071,0.000589,0.000722,0.000696,-0.000916,-0.0027,-0.0021,-0.0026,-0.0019,-0.0016,-0.0013,-0.002,-0.0015,0.000888,0.0018,0.0021,0.0017,0.0021,0.0024,0.0021,0.0017,0.0023,3.83e-08,4.89e-08,2.93e-09,1.68e-08,2.9e-08,3.4e-08,3.18e-08,1.18e-07,-4.49e-09,0.25,-0.28,-0.0442,-0.41,-0.185,0.117,0.277,-0.0207,0.249,0.0,0.0,0.071,0.0,0.0055,0.0211,0.0381,0.0,0.0536,0
49,4.25e-07,2.22e-06,1.9e-06,2.42e-06,7.43e-07,-5.47e-08,4.86e-07,-1.23e-06,3.03e-07,0.000467,0.000499,0.000682,0.000585,0.000581,0.000761,0.000587,0.000766,0.00075,-0.0012,-0.0013,-0.0019,-0.0019,-0.0016,-0.0017,-0.0017,-0.0018,-0.0017,0.0013,0.0013,0.0013,0.0013,0.0017,0.0026,0.0011,0.0021,0.0026,-3.88e-09,-4.73e-08,-8.61e-08,-5.29e-08,-6.33e-08,-1.14e-07,-5.69e-08,8.2e-09,-1.01e-07,0.0122,0.0521,-0.598,-0.605,0.0276,0.675,-0.676,-0.0578,0.3,0.0,0.0,0.0,0.0,0.0,0.128,0.0,0.0493,0.0912,2
50,9.23e-07,4.27e-07,2.28e-06,1.39e-06,9.62e-07,2.7e-06,2.31e-06,1.5e-06,2.31e-06,0.000462,0.00048,0.000634,0.000556,0.000557,0.000778,0.000527,0.00076,0.000736,-0.0013,-0.0012,-0.002,-0.002,-0.0013,-0.0017,-0.0016,-0.0018,-0.0018,0.0013,0.0013,0.0012,0.0012,0.0017,0.0026,0.001,0.0021,0.0025,7.33e-08,-2.18e-08,1.41e-08,2.17e-08,-1.98e-08,-1.51e-07,3.33e-08,-5.21e-08,-6.45e-08,-0.22,0.0424,-0.938,-0.84,0.074,0.779,-0.773,0.0642,0.328,0.0,0.0,0.0,0.0,0.0,0.137,0.0,0.0661,0.0976,3
51,-3.65e-07,-1.25e-07,-9.09e-07,-1.37e-06,-9.35e-07,-6.92e-07,-4.39e-07,-1.12e-06,3.95e-07,0.00065,0.000569,0.000955,0.0016,0.000546,0.000608,0.0014,0.00093,0.000865,-0.0015,-0.0015,-0.0034,-0.0055,-0.0014,-0.0023,-0.0037,-0.0023,-0.0019,0.0019,0.0017,0.0016,0.0027,0.0012,0.002,0.003,0.0031,0.0025,-7.3e-08,-9.22e-08,8.51e-08,1.48e-07,-5.83e-08,5.12e-08,-7.3e-08,-1.2e-08,-6.1e-08,-0.198,0.431,-1.27,-1.46,-0.241,-0.781,-0.373,0.542,0.149,0.0,0.0,0.0,0.452,0.0,0.0144,0.222,0.247,0.0701,0
52,-2.92e-06,-1.6e-07,-3.11e-07,3.11e-07,-7.68e-07,-1.15e-06,2.81e-07,-3.22e-06,2.57e-07,0.002,0.000502,0.0011,0.0019,0.000502,0.000595,0.0012,0.0014,0.000629,-0.0087,-0.0013,-0.0031,-0.0051,-0.0011,-0.0016,-0.0034,-0.0048,-0.0016,0.0032,0.0017,0.0024,0.0029,0.0013,0.0015,0.0021,0.0029,0.0019,-4.99e-08,3.24e-08,1.08e-07,2.2e-07,9.57e-08,8.29e-08,1.51e-07,1.07e-07,5.81e-08,-1.58,0.907,-0.942,-1.26,-0.0013,-0.451,-1.12,-1.05,0.294,0.588,0.0,0.0689,0.506,0.0,0.0,0.0448,0.394,0.0,2
53,-1.57e-06,-4.62e-07,-9.72e-08,-2.86e-07,-4.49e-07,4.33e-07,-9.47e-07,1.14e-06,-2.5e-07,0.0021,0.000535,0.0011,0.002,0.000507,0.000616,0.0013,0.0015,0.000671,-0.0085,-0.0013,-0.0031,-0.0051,-0.0011,-0.0016,-0.0034,-0.0047,-0.0016,0.0034,0.0017,0.0024,0.0029,0.0013,0.0015,0.0021,0.003,0.002,-3.27e-07,4.35e-08,1.62e-07,3.85e-07,8.58e-08,1.02e-07,2.49e-07,3.65e-09,7.14e-08,-1.42,0.898,-0.886,-1.21,0.162,-0.422,-1.05,-1.01,0.361,0.665,0.0,0.0786,0.548,0.0,0.0,0.05,0.391,0.0165,3
54,-1.92e-06,-1.19e-06,-1.27e-06,-9.67e-07,-7.93e-07,-6.46e-07,-9.4e-07,-6.41e-07,-1.76e-06,0.0017,0.000986,0.000793,0.000525,0.0015,0.0011,0.000671,0.001,0.0011,-0.0065,-0.0038,-0.002,-0.0012,-0.0039,-0.0027,-0.0046,-0.0059,-0.0041,0.0028,0.0033,0.002,0.0019,0.0036,0.0028,0.0025,0.0025,0.0029,6.73e-09,3.81e-08,-3.92e-08,1.47e-08,1.69e-07,-2.53e-08,-5.23e-08,6.55e-08,-5.54e-08,-1.91,-0.508,-0.192,0.2,-0.12,0.402,-1.25,-1.37,-0.0417,0.284,0.127,0.0156,0.0,0.547,0.373,0.0367,0.0988,0.241,0
55,-5.55e-07,-1.23e-06,-9.63e-07,-5.92e-08,-1.18e-06,1.13e-06,-5.43e-07,-8.78e-07,1.62e-07,0.000848,0.0011,0.000931,0.000669,0.0011,0.0011,0.000778,0.000511,0.0016,-0.0023,-0.0021,-0.0017,-0.0013,-0.0021,-0.0022,-0.0016,-0.0011,-0.0033,0.0022,0.0028,0.0032,0.0018,0.0026,0.0032,0.0025,0.0015,0.0055,-5.13e-08,-7.2e-08,-8.58e-08,-3.9e-08,1.26e-08,-2.16e-07,-7.48e-08,-1.64e-08,-2.94e-07,-0.37,0.605,1.26,0.546,0.0387,0.811,0.864,0.506,0.871,0.0524,0.429,0.323,0.0,0.233,0.364,0.251,0.0,0.514,2
56,3.71e-06,4.53e-08,3.08e-07,-2.7e-07,1.92e-07,2.7e-08,1.88e-07,1.09e-06,2.14e-06,0.000837,0.0012,0.001,0.000705,0.0011,0.0011,0.000839,0.000508,0.0016,-0.0023,-0.002,-0.0017,-0.0012,-0.002,-0.0023,-0.0016,-0.0011,-0.0034,0.0021,0.0029,0.0032,0.0018,0.0026,0.0031,0.0025,0.0016,0.0054,-5.82e-08,-2.13e-07,-1.55e-07,-1.24e-07,-7.15e-08,-1.94e-07,-1.41e-07,-8.51e-08,-3.18e-07,-0.33,0.778,1.21,0.714,0.22,0.786,0.861,0.656,0.684,0.0575,0.501,0.364,0.0,0.35,0.381,0.286,0.0,0.569,3
57,1.13e-07,1.04e-07,4.96e-07,-5.11e-07,2.17e-07,-5.96e-07,2.71e-07,6.87e-07,6.33e-07,0.000792,0.000578,0.000676,0.000534,0.000563,0.000867,0.000497,0.00055,0.000968,-0.0018,-0.0014,-0.0014,-0.0016,-0.0016,-0.0017,-0.0011,-0.0011,-0.0018,0.0019,0.0012,0.0018,0.0011,0.00098,0.0022,0.0011,0.0012,0.0022,9.28e-10,-8.83e-08,-1.01e-07,-7.16e-08,-4.15e-08,-1.01e-07,-8.99e-08,-1.12e-07,-1.47e-07,-0.326,-0.519,0.0015,-0.334,-0.921,0.348,-0.275,0.0756,-0.315,0.0,0.0,0.0,0.0,0.0,0.115,0.0,0.0,0.0144,0
58,-1.49e-06,1.58e-06,1.41e-06,1.58e-06,2.21e-06,4.12e-07,1.64e-06,1.39e-06,2.94e-06,0.0013,0.000758,0.000715,0.000629,0.000798,0.0014,0.000582,0.000924,0.0012,-0.0036,-0.0018,-0.0016,-0.0015,-0.0016,-0.0034,-0.0011,-0.0021,-0.0021,0.0026,0.0018,0.0021,0.0018,0.0018,0.003,0.0014,0.0023,0.003,-8.42e-08,-2.89e-08,-7.1e-08,-8.58e-09,-8.98e-08,-8.95e-08,-3.47e-08,-4.5e-08,-7.96e-08,-0.78,-0.086,0.896,0.336,0.285,-0.432,0.263,-0.34,0.433,0.253,0.0,0.0535,0.0,0.0,0.46,0.0,0.0892,0.449,2
59,-5.27e-07,-6.44e-07,-3.8e-07,-7.11e-07,-1.02e-06,-2.83e-08,-5.87e-07,-1.76e-07,-1.18e-06,0.0014,0.00078,0.000758,0.000638,0.000713,0.0014,0.000591,0.000978,0.0012,-0.0035,-0.0018,-0.0015,-0.0015,-0.0013,-0.0033,-0.001,-0.0022,-0.0022,0.0027,0.0018,0.0021,0.0018,0.0017,0.0031,0.0013,0.0022,0.003,-2.04e-07,-4.24e-08,-1.3e-07,-1.16e-08,-2.22e-08,-2.49e-07,-1.91e-08,1.7e-09,-6.71e-08,-0.672,-0.131,0.96,0.381,0.656,-0.269,0.273,-0.484,0.465,0.299,0.0,0.0855,0.0,0.0,0.517,0.0,0.05,0.5,3
60,1.17e-06,-9.13e-07,-1.33e-06,-3.7e-07,1.4e-07,-8.58e-07,-9.57e-07,-3.22e-06,7.01e-07,0.002,0.000486,0.000496,0.000316,0.00034,0.000765,0.000444,0.0021,0.000693,-0.0057,-0.0011,-0.000944,-0.000941,-0.000852,-0.0019,-0.000817,-0.0047,-0.0014,0.0036,0.0012,0.001,0.000851,0.000702,0.0017,0.000965,0.0042,0.0021,1.48e-07,1.07e-08,1.04e-07,1.59e-08,-2.3e-08,5.84e-08,5.28e-08,5.83e-07,-4.71e-08,-0.71,0.508,0.336,0.132,0.031,-0.179,0.271,-0.271,0.566,0.601,0.0,0.0,0.0,0.0,0.0,0.0,0.808,0.0699,0
61,-3.84e-06,1.78e-07,-8.93e-08,2.66e-07,3.11e-08,-9.42e-07,6.13e-07,-2.07e-06,-3.15e-07,0.0015,0.000486,0.000553,0.000206,0.000393,0.000623,0.000397,0.0026,0.000579,-0.0029,-0.001,-0.000806,-0.000517,-0.000742,-0.0015,-0.000759,-0.0035,-0.000868,0.004,0.0012,0.0013,0.000487,0.0011,0.002,0.000971,0.0062,0.0018,-1.86e-07,-7.27e-08,-4.09e-08,-1.93e-08,-4.1e-08,-1.01e-07,-5.3e-08,-1.5e-07,-9.77e-08,0.0899,0.417,0.708,0.215,0.63,0.623,0.332,0.846,1.22,0.361,0.0,0.0,0.0,0.0,0.0459,0.0,0.828,0.0,2
62,3.38e-06,1.18e-06,1.06e-06,2.39e-07,2.42e-07,1.31e-06,9.58e-07,4.06e-06,1.13e-06,0.0015,0.000509,0.000587,0.000216,0.000416,0.000658,0.000403,0.0027,0.000612,-0.0028,-0.0011,-0.000834,-0.000525,-0.000747,-0.0015,-0.000794,-0.0036,-0.000891,0.0041,0.0012,0.0013,0.000479,0.0011,0.002,0.000936,0.0061,0.0018,-3.72e-07,-7.22e-08,-3.25e-08,-2.08e-08,-5.94e-08,-1.55e-07,-4.28e-08,-1.06e-07,-1.31e-07,0.185,0.25,0.567,0.138,0.59,0.587,0.23,0.722,1.13,0.325,0.0,0.0,0.0,0.0,0.0498,0.0,0.888,0.0,3
63,-3.32e-06,4.81e-07,6.2e-07,-5.38e-07,1.29e-07,-3.47e-07,8.9e-07,-1.99e-06,8.84e-07,0.0026,0.000638,0.000696,0.000666,0.000614,0.000989,0.00041,0.0048,0.0013,-0.0105,-0.0015,-0.0025,-0.0019,-0.0015,-0.0022,-0.000881,-0.0153,-0.0029,0.0063,0.0016,0.0015,0.0012,0.0012,0.0025,0.0012,0.0098,0.0036,3.87e-07,4.59e-08,1.19e-07,1.52e-07,1.02e-07,-5.71e-08,3e-08,-1.8e-07,-1.4e-07,-0.933,-0.0713,-0.298,-0.522,-0.132,0.289,0.738,-0.808,0.154,0.756,0.0,0.0,0.0,0.0,0.232,0.0,1.2,0.33,0
64,-8.29e-08,-1.41e-06,-1.3e-06,-1.57e-06,-2.24e-06,4.46e-07,-1.73e-07,-1.75e-07,1.54e-06,0.0025,0.000543,0.000936,0.000989,0.000572,0.0011,0.000487,0.0041,0.0015,-0.0048,-0.001,-0.0022,-0.0022,-0.0011,-0.0019,-0.000991,-0.0141,-0.0028,0.0069,0.0013,0.0023,0.0023,0.0016,0.0028,0.0013,0.0085,0.0042,-3.25e-07,-8.13e-08,4.79e-08,8.13e-08,-7.67e-09,-1.18e-07,8.19e-10,-1.33e-07,-1.6e-07,0.468,0.103,0.323,0.362,0.3,0.521,0.346,-1.05,0.7,0.823,0.0,0.114,0.152,0.0,0.333,0.0,0.947,0.496,2
65,3.09e-06,3.68e-07,1.3e-06,7.44e-07,7.67e-08,1.14e-06,1.17e-06,2.64e-06,4.43e-07,0.0026,0.000564,0.000973,0.001,0.000578,0.0011,0.000507,0.0044,0.0016,-0.0049,-0.001,-0.0022,-0.0021,-0.0011,-0.0019,-0.000988,-0.0141,-0.0028,0.0068,0.0013,0.0024,0.0024,0.0016,0.0028,0.0013,0.0085,0.0042,-4.39e-07,-1.62e-07,9.33e-09,6.73e-08,-8.89e-08,-1.6e-07,-4.22e-09,-1.88e-07,-2.33e-07,0.386,0.184,0.475,0.483,0.478,0.452,0.426,-1.02,0.64,0.881,0.0,0.183,0.237,0.0,0.369,0.0,0.99,0.546,3
66,-2.47e-06,-3.87e-07,-3.43e-06,-2.16e-06,-7.91e-07,-9.55e-07,-1.49e-06,-9.84e-07,-6.37e-07,0.0012,0.000511,0.0025,0.000924,0.0006,0.000723,0.000533,0.0012,0.000861,-0.0046,-0.0012,-0.0057,-0.0025,-0.0013,-0.0016,-0.0012,-0.005,-0.0021,0.003,0.0013,0.0043,0.0022,0.0016,0.0021,0.0012,0.0029,0.0019,3.02e-07,5.8e-08,4.29e-07,1.03e-07,8.26e-08,2.68e-08,9.56e-08,4.61e-08,-1.72e-08,-0.363,-0.062,-0.136,-0.235,-0.177,0.175,-0.281,-0.785,0.135,0.378,0.0,0.83,0.0848,0.0,0.0335,0.0,0.319,0.0,0
67,-2.27e-06,4.5e-07,9.44e-08,1.85e-06,1.15e-06,1.47e-06,1.09e-06,6.53e-06,2.04e-06,0.0019,0.000451,0.0018,0.0011,0.000786,0.000831,0.00068,0.0013,0.000941,-0.0064,-0.0011,-0.0047,-0.002,-0.0015,-0.0015,-0.0015,-0.0045,-0.0017,0.0029,0.0012,0.0037,0.0023,0.0019,0.0018,0.0016,0.0023,0.0022,1.79e-07,8.18e-09,1.37e-07,-4.31e-08,3.36e-08,-6.41e-08,-3.34e-08,-2.7e-08,-1.08e-07,-1.89,-0.276,-0.215,0.141,0.374,-0.0207,0.332,-0.674,0.211,0.339,0.0,0.759,0.248,0.0,0.0,0.0,0.106,0.177,2
68,9.3e-07,-3.5e-07,7.9e-07,1.32e-06,4.59e-07,1.72e-06,1.11e-06,7.49e-07,2.11e-06,0.002,0.000476,0.0019,0.0011,0.000828,0.000825,0.000714,0.0012,0.000925,-0.0064,-0.0011,-0.0047,-0.0021,-0.0015,-0.0017,-0.0016,-0.0024,-0.0017,0.003,0.0012,0.0038,0.0022,0.0019,0.0017,0.0016,0.0023,0.0021,2.21e-07,4.28e-08,1.72e-07,3.69e-08,5.3e-08,4.34e-08,-7.15e-09,-1.71e-09,1.64e-08,-1.69,-0.365,-0.139,0.0502,0.385,-0.239,0.224,-0.273,-0.0042,0.417,0.0,0.832,0.222,0.0,0.0,0.0,0.0911,0.152,3
69,-2.58e-06,-9.55e-07,-2.56e-06,-4.56e-08,-1.25e-06,-1.85e-06,-4.76e-07,-1.93e-06,-2.11e-06,0.0014,0.000475,0.0013,0.000692,0.000697,0.0024,0.000823,0.0012,0.0024,-0.004,-0.0011,-0.0049,-0.0017,-0.0017,-0.0044,-0.0017,-0.0038,-0.0049,0.0024,0.0012,0.003,0.0013,0.0015,0.005,0.0019,0.0024,0.0049,1.06e-07,-9.58e-09,8.66e-08,-5.4e-08,2.36e-08,-4.65e-07,-1.47e-07,-9.83e-08,-4.73e-07,-0.647,0.0822,-1.06,-0.205,0.127,-0.0669,0.169,-1.05,-0.0234,0.261,0.0,0.254,0.0,0.0,0.753,0.0,0.14,0.745,0
70,-1.79e-06,-1.14e-06,-5.34e-07,-1.07e-06,-2.21e-07,1.7e-06,-1.63e-07,-1.37e-06,1.57e-06,0.0016,0.00056,0.0014,0.000621,0.000637,0.0019,0.000792,0.0011,0.0023,-0.0048,-0.0014,-0.0032,-0.0014,-0.0016,-0.0044,-0.0017,-0.0027,-0.0056,0.0025,0.0012,0.0032,0.0014,0.0015,0.0046,0.0021,0.0025,0.0062,-4.52e-08,-3.36e-08,7e-08,1.75e-08,-7.46e-08,-2.46e-09,-4.67e-08,-1.24e-07,-8.78e-08,-1.11,-0.0351,0.0906,0.0077,0.265,0.0886,0.366,0.0224,0.302,0.0791,0.0,0.533,0.0,0.0,0.62,0.135,0.404,0.727,2
71,7.69e-07,6.56e-07,6.45e-07,9.75e-08,1.2e-06,-7.02e-07,3.89e-07,2.86e-06,-1.54e-06,0.0016,0.000568,0.0015,0.000627,0.000631,0.002,0.000849,0.0012,0.0024,-0.0047,-0.0013,-0.0032,-0.0014,-0.0014,-0.0045,-0.0017,-0.0027,-0.0056,0.0026,0.0013,0.0032,0.0014,0.0015,0.0045,0.0021,0.0025,0.0061,-2.05e-07,-8.09e-08,1.18e-07,-1.11e-08,-1.06e-07,5.75e-08,-6.42e-08,-2.01e-07,-2.42e-08,-1.04,-0.0284,0.0725,0.0097,0.395,0.0371,0.314,0.0749,0.215,0.268,0.0,0.587,0.0,0.0,0.661,0.141,0.441,0.758,3
72,1.89e-06,-3.74e-07,-9.52e-07,-1.42e-06,-1.16e-06,-1.67e-06,-5.85e-07,2.57e-06,-2.76e-07,0.0015,0.000702,0.000465,0.000553,0.000545,0.000459,0.000326,0.0017,0.000703,-0.0066,-0.0015,-0.000962,-0.0014,-0.0011,-0.001,-0.000892,-0.0064,-0.0012,0.0032,0.0015,0.000894,0.0011,0.0014,0.0014,0.000976,0.005,0.0023,-2.3e-07,8.39e-08,1.06e-07,1.46e-07,9.32e-08,4.5e-08,6.83e-08,-1.72e-07,4.07e-08,-2.33,-0.221,-0.167,-0.0477,0.236,0.321,-0.221,-1.0,1.25,0.128,0.0,0.0,0.0,0.0,0.0,0.0,0.328,0.189,0
73,-1.6e-06,1.54e-07,-7.59e-07,-1.05e-06,-6.23e-07,-1.04e-06,-5.33e-08,-1.19e-06,-7.01e-07,0.0013,0.000503,0.000436,0.000594,0.000514,0.000473,0.000401,0.0019,0.000531,-0.0036,-0.0012,-0.0017,-0.0017,-0.0016,-0.0013,-0.001,-0.0061,-0.0011,0.0031,0.0014,0.001,0.0012,0.0015,0.0012,0.0012,0.0037,0.0022,1.06e-07,-1.43e-08,1.08e-08,2.31e-08,3.81e-08,1.51e-08,9.59e-09,8.27e-09,-7.75e-08,-0.415,-0.0297,-0.771,-0.595,-0.506,0.0366,-0.0133,-1.4,0.678,0.284,0.0,0.0,0.0,0.0,0.0,0.0,0.352,0.0392,2
74,-6.44e-08,1.1e-06,4.18e-07,1.1e-07,7.9e-08,1.31e-06,1.22e-07,-2.62e-07,1.94e-06,0.0014,0.000508,0.000456,0.000626,0.000528,0.00048,0.000428,0.002,0.000548,-0.0035,-0.0012,-0.0016,-0.0016,-0.0015,-0.0012,-0.001,-0.006,-0.0011,0.0032,0.0013,0.001,0.0012,0.0015,0.0012,0.0012,0.0038,0.0021,-3.06e-08,1.61e-08,-2.05e-08,-5.34e-09,-4.71e-09,-1.5e-08,-3.13e-09,-1.08e-07,-9.59e-08,-0.233,-0.12,-0.63,-0.472,-0.345,0.196,0.0833,-1.22,0.684,0.311,0.0,0.0,0.0,0.0,0.0,0.0,0.454,0.0421,3
75,-5.87e-07,-9e-07,-1.35e-06,-1.52e-06,-1.68e-06,-1.22e-06,-9.7e-07,-2.46e-06,-1.1e-06,0.001,0.000942,0.000656,0.000651,0.00083,0.0013,0.000755,0.0011,0.0011,-0.0033,-0.002,-0.0018,-0.0016,-0.0018,-0.0046,-0.0018,-0.0024,-0.003,0.0028,0.0024,0.0012,0.002,0.0018,0.0044,0.0019,0.002,0.0023,9.11e-08,5.55e-08,1.25e-07,9.31e-08,1.68e-07,2.13e-07,4.69e-08,3.06e-07,1.67e-08,-0.565,0.0213,-0.442,0.12,-0.145,-0.0732,-0.105,-0.0252,-0.399,0.0588,0.0912,0.0,0.0158,0.0,0.332,0.0,0.0437,0.147,0
76,-9.93e-07,2.24e-06,2.13e-07,3.57e-07,9.4e-07,-1.11e-06,3.4e-07,-1.57e-06,1.11e-06,0.0012,0.000984,0.000589,0.000606,0.00086,0.0013,0.000669,0.001,0.0012,-0.003,-0.0021,-0.0014,-0.0014,-0.0021,-0.0041,-0.0015,-0.002,-0.0026,0.005,0.0024,0.0012,0.0017,0.0025,0.0036,0.0015,0.0027,0.0021,-2.52e-08,-9.74e-08,-8.66e-08,-7.51e-08,-1.35e-07,-7.71e-08,-8.42e-08,-6.77e-08,-2.01e-07,0.34,0.0794,-0.218,0.259,-0.178,-0.327,-0.226,0.0802,-0.474,0.289,0.0945,0.0,0.0,0.0744,0.337,0.0,0.176,0.0348,2
77,1.91e-06,3.07e-06,2.08e-06,1.22e-06,3.1e-06,1.37e-06,9.58e-07,8.88e-07,1.02e-06,0.0013,0.000992,0.00059,0.000621,0.000863,0.0014,0.000681,0.0011,0.0011,-0.0031,-0.0022,-0.0014,-0.0014,-0.0021,-0.0041,-0.0015,-0.002,-0.0027,0.0049,0.0023,0.0012,0.0016,0.0025,0.0035,0.0015,0.0027,0.0019,1.52e-08,-4.88e-08,-9.62e-08,-7.88e-08,-2.27e-07,-7.45e-08,-7.71e-08,-1.82e-07,-9.1e-08,0.243,-0.0183,-0.288,0.21,-0.121,-0.453,-0.308,0.198,-0.621,0.314,0.0814,0.0,0.0,0.0847,0.338,0.0,0.203,0.0,3
