,0,1,2,3,4,5,6,7,8,0,1,2,3,4,5,6,7,8,0,1,2,3,4,5,6,7,8,0,1,2,3,4,5,6,7,8,0,1,2,3,4,5,6,7,8,0,1,2,3,4,5,6,7,8
0,-0.0953,-0.1041,-0.073,-0.0303,-0.0983,-0.116,-0.1421,-0.4881,-0.0329,0.0906,0.2656,0.1543,0.0413,0.2405,0.2183,0.1158,0.3743,0.1303,-2.7179,-3.2823,-4.4727,-4.3432,-4.0845,-2.7316,-3.4542,-3.1532,-2.8737,1.8107,1.9031,3.3734,3.6651,2.8126,3.8909,3.201,1.2812,3.5264,0.061035,0.015367,-0.046671,-0.053509,0.074292,-0.077226,-0.055374,0.15052,-0.0519,0.061035,0.015367,-0.046671,-0.053509,0.074292,-0.077226,-0.055374,0.15052,-0.0519
1,-0.1006,0.07,0.0984,0.0686,0.0876,-0.0206,0.0448,0.0264,0.0254,0.4868,0.4935,0.1575,0.0406,0.3423,0.1478,0.2644,0.3374,0.1433,-4.1712,-3.7169,-3.3117,-3.3881,-3.5867,-3.0084,-3.682,-4.4545,-2.9584,4.0845,1.8953,3.8293,3.6099,4.2905,2.8927,3.8199,8.2063,3.0308,0.11681,0.13379,0.052603,0.038577,0.10579,-0.031905,0.041539,0.072992,0.0519,0.11681,0.13379,0.052603,0.038577,0.10579,-0.031905,0.041539,0.072992,0.0519
2,0.1792,0.0237,0.0985,0.0811,0.0678,0.0598,0.0439,0.4445,0.0621,0.171,0.092,0.0605,0.0379,0.1446,0.123,0.0613,0.1943,0.2349,-2.4364,-3.1605,-3.1605,-3.4941,-2.7964,-2.9119,-3.4226,-1.9431,-3.8644,2.0639,1.6965,3.5304,4.0174,2.2691,3.1425,3.2664,4.5184,3.6845,0.0066499,0.14963,0.041959,0.027843,0.065027,0.094383,0.078142,0.039546,0.036363,0.0066499,0.14963,0.041959,0.027843,0.065027,0.094383,0.078142,0.039546,0.036363
3,0.1381,-0.0962,0.0605,0.0171,-0.0037,0.0055,0.0569,0.0067,-0.0131,0.2596,0.2988,0.0922,0.0218,0.3092,0.0474,0.0934,0.1705,0.0627,-3.1603,-2.7242,-3.2176,-3.092,-3.147,-3.9952,-3.5863,-3.5409,-3.4501,2.7711,2.1353,3.735,4.6305,3.0555,3.8772,3.9799,3.5281,3.9157,-0.055452,-0.12156,-0.033812,-0.0051343,-0.073625,-0.019139,-0.034558,-0.036265,-0.019084,-0.055452,-0.12156,-0.033812,-0.0051343,-0.073625,-0.019139,-0.034558,-0.036265,-0.019084
4,0.3517,0.2737,0.1096,0.002,0.1537,0.1,0.1128,0.1291,0.0879,0.1562,0.2047,0.0448,0.0328,0.2185,0.039,0.0721,0.1737,0.0424,-2.3981,-1.9447,-3.1685,-2.9467,-1.9919,-3.4744,-3.3021,-4.737,-9.8169,2.4372,2.1332,3.5826,4.2832,2.1381,3.7952,3.6416,3.8166,4.6504,-0.02711,0.059116,0.053284,0.025964,0.12753,0.035069,0.051876,0.012728,0.041359,-0.02711,0.059116,0.053284,0.025964,0.12753,0.035069,0.051876,0.012728,0.041359
5,-0.3775,-0.1162,-0.0748,-0.0049,-0.2701,-0.0405,-0.1169,0.0243,-0.0076,0.304,0.4044,0.0682,0.0231,0.2912,0.0366,0.0982,0.128,0.0356,-3.0102,-2.4518,-3.9275,-3.4787,-2.9816,-3.3346,-3.7458,-3.4636,-4.2232,2.6797,2.3595,3.4007,4.1636,1.7837,4.1733,3.8966,4.2008,3.5217,0.069708,0.080251,0.027561,0.0038039,0.057464,0.02281,0.0020471,-0.037177,0.0069841,0.069708,0.080251,0.027561,0.0038039,0.057464,0.02281,0.0020471,-0.037177,0.0069841
6,-0.4417,-0.383,-0.0628,0.0151,-0.3746,-0.1855,-0.024,-0.3679,0.0095,0.5125,0.221,0.2142,0.2002,0.2564,0.1772,0.097,0.5577,0.1563,-5.8555,-3.1243,-2.7017,-3.5523,-2.7895,-2.7912,-1.6689,-4.1734,-2.2501,1.9786,2.2644,2.0666,3.3173,2.7983,3.0075,2.3327,2.0053,1.8786,0.084969,0.099485,0.026515,0.013784,0.12111,-0.036716,-0.071417,0.081256,-0.12165,0.084969,0.099485,0.026515,0.013784,0.12111,-0.036716,-0.071417,0.081256,-0.12165
7,-0.0607,-0.1044,0.1469,0.1455,-0.1169,0.0913,0.0991,0.0388,0.1637,0.3237,0.1694,0.2223,0.0866,0.1477,0.1082,0.1218,0.2615,0.0883,-2.2148,-2.1867,-3.8174,-3.8159,-2.3567,-3.3215,-2.9158,-1.3283,-2.7887,2.0641,2.2666,3.3862,3.37,2.2683,3.2688,3.3992,2.0868,3.4889,0.016929,0.077227,0.038902,-0.00037313,0.060557,0.025947,-0.030821,0.0075991,-0.038982,0.016929,0.077227,0.038902,-0.00037313,0.060557,0.025947,-0.030821,0.0075991,-0.038982
8,0.3844,0.6456,0.2636,0.1523,0.5708,0.4924,0.3486,0.2642,0.2966,0.2933,0.1032,0.0904,0.0575,0.1864,0.0837,0.0612,0.2767,0.0873,-2.7127,-1.937,-1.8603,-3.1575,-2.1837,-2.1182,-2.1875,-3.7349,-2.093,2.8661,4.1071,3.3709,3.1659,3.5375,3.8023,3.9317,3.3819,3.7401,-0.2321,-0.18524,-0.10321,-0.044455,-0.14899,-0.14245,-0.11763,-0.20429,-0.084854,-0.2321,-0.18524,-0.10321,-0.044455,-0.14899,-0.14245,-0.11763,-0.20429,-0.084854
9,-0.0423,-0.2074,-0.4152,-0.4687,-0.2074,-0.0793,-0.4532,0.0134,-0.298,0.3067,0.162,0.2421,0.2158,0.2106,0.2614,0.2754,0.3783,0.125,-3.0822,-3.4656,-2.7767,-3.0231,-2.5317,-2.1993,-2.9201,-2.4042,-3.2341,2.5128,2.5038,2.6829,2.5736,2.8157,1.9333,3.6579,1.9689,6.5653,0.13328,-0.04696,0.010744,0.09495,-0.032927,0.089842,-0.023459,0.021529,0.031112,0.13328,-0.04696,0.010744,0.09495,-0.032927,0.089842,-0.023459,0.021529,0.031112
10,-0.3466,0.0775,0.0692,0.1005,0.1533,-0.2882,0.147,0.0386,0.0534,0.6599,0.1854,0.2174,0.3032,0.3635,0.3323,0.2103,0.3419,0.0748,-3.7249,-2.3839,-2.4448,-3.0843,-3.5349,-3.1472,-3.0912,-3.893,-3.2805,2.4494,3.5155,3.7165,3.3439,3.8215,2.8506,3.6234,1.4693,4.7402,0.038739,-0.08763,-0.14431,-0.11934,-0.1203,-0.02342,-0.21943,0.12234,-0.12504,0.038739,-0.08763,-0.14431,-0.11934,-0.1203,-0.02342,-0.21943,0.12234,-0.12504
11,0.2697,0.139,0.311,0.2272,0.0651,0.272,0.2389,0.0975,0.3158,0.3942,0.1666,0.1715,0.122,0.2478,0.3858,0.1516,0.6094,0.0635,-3.6338,-2.0347,-1.4589,-2.0554,-1.6223,-4.264,-2.5537,-4.6422,-3.072,2.4062,3.4775,3.4344,2.9585,5.0425,2.709,3.7722,2.1641,4.3926,-0.17155,-0.14959,-0.086576,-0.011188,-0.096579,-0.13137,0.050354,-0.17706,-0.067304,-0.17155,-0.14959,-0.086576,-0.011188,-0.096579,-0.13137,0.050354,-0.17706,-0.067304
12,-0.1535,-0.0948,0.039,-0.0408,0.3088,-0.0627,-0.0086,-0.2324,-0.0047,0.472,0.252,0.2919,0.2663,0.1177,0.1184,0.3596,0.4798,0.1384,-5.0433,-2.6981,-4.724,-4.411,-2.0242,-2.9469,-3.2114,-4.938,-2.9613,2.2891,2.4353,3.0715,2.7548,2.4572,4.0128,3.4749,2.2004,3.887,-0.01365,0.078151,0.10257,0.13555,0.19346,0.039028,0.16246,-0.13958,-0.015139,-0.01365,0.078151,0.10257,0.13555,0.19346,0.039028,0.16246,-0.13958,-0.015139
13,0.1057,0.1572,0.1292,0.0063,0.0875,-0.066,-0.0512,0.0336,-0.0623,0.5569,0.2564,0.2124,0.3735,0.1956,0.1886,0.4619,0.4993,0.2138,-4.9111,-2.327,-3.037,-3.924,-2.0316,-3.1576,-3.1714,-4.091,-3.0618,2.2335,3.0336,2.5838,2.5691,2.5106,4.1178,1.2352,1.9734,4.0672,0.079223,0.070872,-0.00054412,0.020511,-0.041005,-0.0597,0.0092054,0.049449,-0.098414,0.079223,0.070872,-0.00054412,0.020511,-0.041005,-0.0597,0.0092054,0.049449,-0.098414
14,0.0253,-0.0878,-0.0566,0.0293,-0.1264,0.1688,-0.1078,0.2004,0.2197,0.3681,0.2229,0.2682,0.2237,0.1878,0.1699,0.3047,0.4325,0.1989,-4.134,-2.5465,-4.0662,-2.8325,-1.8953,-2.8312,-2.2316,-4.9651,-2.9116,1.9061,2.4374,3.0779,2.2798,2.2523,4.563,2.0929,2.5436,3.1946,0.080096,0.14656,0.015732,0.032156,-0.11708,0.014537,0.038327,0.070422,-0.04038,0.080096,0.14656,0.015732,0.032156,-0.11708,0.014537,0.038327,0.070422,-0.04038
15,-0.1353,-0.064,-0.0273,-0.0685,-0.0567,-0.1323,-0.1056,-0.1579,-0.1032,0.4279,0.309,0.1888,0.1619,0.2512,0.1867,0.2029,0.2002,0.1281,-4.3309,-2.5977,-2.9893,-3.7494,-2.4067,-3.9739,-2.7835,-2.157,-4.2993,1.9029,3.7064,2.7323,3.3248,3.1643,3.483,2.9024,2.3894,4.2638,-0.035078,0.031665,0.094344,0.040767,0.096304,0.0088592,-0.0040689,-0.066596,-0.024004,-0.035078,0.031665,0.094344,0.040767,0.096304,0.0088592,-0.0040689,-0.066596,-0.024004
16,0.0431,-0.149,-0.1487,0.0729,-0.0724,0.2521,0.1171,0.022,0.1258,0.2728,0.2677,0.2724,0.1211,0.2587,0.0978,0.2346,0.3228,0.1186,-2.1522,-2.7041,-2.5959,-3.3572,-2.3703,-2.8523,-2.1695,-3.6081,-3.053,1.6533,3.3243,3.6861,7.687,3.7524,3.2307,3.07,2.4692,3.3787,0.033828,0.054008,0.04504,0.012251,0.079427,-0.0071698,-0.021365,0.025341,-0.011903,0.033828,0.054008,0.04504,0.012251,0.079427,-0.0071698,-0.021365,0.025341,-0.011903
17,-0.0335,0.2178,-0.049,-0.0319,0.2039,0.1551,0.1731,0.2769,0.2149,0.3174,0.1608,0.0718,0.0829,0.14,0.0727,0.0725,0.192,0.0757,-3.849,-1.7479,-1.6854,-2.5857,-2.1451,-2.9093,-1.6785,-3.3033,-3.103,3.1217,3.0673,3.4023,3.3921,3.0903,2.9346,2.6294,4.726,2.9918,-0.16667,-0.095198,-0.066747,-0.0157,-0.10229,-0.03412,-0.12198,-0.17882,-0.033135,-0.16667,-0.095198,-0.066747,-0.0157,-0.10229,-0.03412,-0.12198,-0.17882,-0.033135
18,-0.0309,-0.37,-0.0529,0.0043,-0.267,-0.0309,-0.1101,-0.3051,-0.1865,0.3045,0.1884,0.1809,0.2206,0.2345,0.1422,0.134,0.2741,0.1525,-3.9765,-2.6687,-2.2173,-2.3776,-3.1339,-3.095,-2.4262,-3.2043,-2.8799,2.1251,2.6152,2.4977,3.2167,1.8631,3.2702,2.6104,2.6677,2.4509,0.12882,0.10699,0.023648,0.065435,0.028934,0.068291,-0.027522,0.052349,0.020166,0.12882,0.10699,0.023648,0.065435,0.028934,0.068291,-0.027522,0.052349,0.020166
19,-0.0766,0.0176,0.1201,0.17,-0.1379,0.0045,0.0784,-0.1654,-0.0428,0.4047,0.254,0.1623,0.1679,0.2309,0.1967,0.1735,0.2878,0.186,-4.5895,-2.2595,-2.1626,-2.3897,-2.6237,-3.3473,-2.3429,-2.9241,-3.3817,2.6926,2.7415,2.805,2.6957,2.4584,3.4036,3.2241,4.671,3.6655,0.021569,-0.072826,-0.10493,-0.033028,-0.10911,-0.095072,-0.11518,-0.10424,-0.16355,0.021569,-0.072826,-0.10493,-0.033028,-0.10911,-0.095072,-0.11518,-0.10424,-0.16355
20,0.1277,0.2045,-0.185,-0.306,0.3384,-0.0719,0.009,0.2267,0.1876,0.3698,0.1277,0.1382,0.126,0.0973,0.0667,0.1381,0.3475,0.0878,-3.8215,-2.1338,-2.2178,-2.6765,-2.0838,-2.7489,-2.3745,-3.4777,-2.3895,2.5351,3.4285,2.2564,1.8995,3.8807,4.2418,2.3419,3.491,2.9613,-0.14841,-0.017111,0.021826,0.070257,-0.035002,-0.017496,0.052612,0.032823,-0.0065273,-0.14841,-0.017111,0.021826,0.070257,-0.035002,-0.017496,0.052612,0.032823,-0.0065273
21,-0.109,-0.1196,-0.1222,-0.1918,-0.3043,-0.0919,-0.1942,-0.2827,0.0986,0.1718,0.3678,0.3006,0.1565,0.2752,0.1352,0.16,0.214,0.1063,-1.8616,-2.5286,-2.4997,-2.4318,-2.6165,-2.5553,-3.2487,-2.6341,-2.2192,4.8549,2.9765,3.0603,2.6302,3.7964,2.9323,3.7441,3.6687,2.4435,0.08522,0.12867,0.23571,0.17931,0.15221,0.025317,0.18279,0.22159,-0.040962,0.08522,0.12867,0.23571,0.17931,0.15221,0.025317,0.18279,0.22159,-0.040962
22,-0.0286,-0.0745,-0.0295,0.0533,-0.0397,-0.0642,0.1003,0.126,0.0441,0.2028,0.1248,0.3041,0.3461,0.2137,0.085,0.2344,0.3886,0.1927,-2.3721,-2.0037,-2.1496,-2.2507,-1.8134,-2.9844,-2.7656,-4.7903,-3.0829,5.0693,2.4594,2.4076,2.8883,2.5432,6.6482,3.1078,3.9945,4.421,-0.010563,-0.054495,0.082558,0.018015,-0.034392,-0.10778,0.028638,0.036958,-0.15371,-0.010563,-0.054495,0.082558,0.018015,-0.034392,-0.10778,0.028638,0.036958,-0.15371
23,0.5018,0.1336,-0.0685,-0.1315,0.2477,0.3159,0.0574,0.136,0.0728,0.0639,0.2149,0.1068,0.1629,0.2437,0.1075,0.2014,0.08,0.0952,-1.6512,-2.371,-1.5201,-1.7727,-1.5473,-2.9423,-2.3126,-2.2603,-2.6305,3.918,2.7871,2.0813,1.8731,2.9065,4.5763,2.5401,2.9971,3.6438,-0.14028,-0.064964,0.031392,0.088659,-0.13825,-0.10147,-0.058651,0.04041,-0.079518,-0.14028,-0.064964,0.031392,0.088659,-0.13825,-0.10147,-0.058651,0.04041,-0.079518
24,-0.4565,0.022,-0.4713,-0.2796,-0.2142,-0.3574,-0.4551,-0.2572,-0.3399,0.1914,0.259,0.1195,0.0528,0.1754,0.0551,0.0703,0.1517,0.0349,-3.039,-3.0156,-2.1089,-3.3792,-2.6193,-4.095,-2.6206,-2.6275,-3.5471,1.626,2.1219,1.6847,2.9549,2.3406,3.7029,1.7857,2.5832,3.0385,0.10288,0.029671,0.050029,0.02179,0.065873,0.051724,0.063903,0.024653,0.029471,0.10288,0.029671,0.050029,0.02179,0.065873,0.051724,0.063903,0.024653,0.029471
25,0.1482,0.2723,0.274,0.1975,0.2173,0.1403,0.237,0.0048,0.1147,0.1965,0.3154,0.3374,0.0733,0.2927,0.0465,0.194,0.1874,0.0384,-3.1334,-2.2018,-1.8528,-2.8328,-2.4867,-3.6873,-2.0953,-4.1105,-3.0437,3.1788,2.6087,2.9294,3.7446,4.2396,3.685,2.9663,3.4053,3.5893,0.052924,0.039124,0.042849,0.057875,0.067196,0.027717,0.048215,0.065371,0.035421,0.052924,0.039124,0.042849,0.057875,0.067196,0.027717,0.048215,0.065371,0.035421
26,0.0449,-0.2885,0.0882,0.0529,-0.0674,0.2137,0.1261,0.051,0.2078,0.3362,0.4257,0.1841,0.0895,0.2279,0.0256,0.0984,0.5425,0.0381,-2.8848,-3.399,-2.4243,-3.6872,-2.5627,-3.0961,-2.3444,-4.6724,-3.1364,1.4724,1.6553,5.1709,3.4127,2.4661,3.9081,3.7294,2.562,3.5065,0.058184,-0.061217,0.12617,0.065329,-0.099122,-0.0013227,0.074465,0.071499,-0.00055226,0.058184,-0.061217,0.12617,0.065329,-0.099122,-0.0013227,0.074465,0.071499,-0.00055226
27,-0.0084,-0.0406,0.0989,0.139,0.042,0.1938,0.2453,-0.0916,0.1699,0.2468,0.3522,0.3614,0.0679,0.2655,0.1536,0.3822,0.1869,0.1194,-3.4049,-4.4662,-4.1212,-3.1384,-3.5807,-3.3159,-4.5267,-2.3926,-3.7575,2.2328,3.2757,2.7711,3.4342,2.2028,2.6485,2.5613,2.369,2.8307,-0.0070179,-0.04044,0.013232,0.062103,0.01774,-0.007131,0.014576,-0.013776,-0.033988,-0.0070179,-0.04044,0.013232,0.062103,0.01774,-0.007131,0.014576,-0.013776,-0.033988
28,-0.0854,0.000649,-0.0116,-0.0985,-0.1218,-0.0011,-0.1292,-0.0636,-0.1532,0.538,0.206,0.1837,0.1096,0.2138,0.3707,0.2525,0.3164,0.2585,-7.1357,-2.4949,-4.0336,-3.885,-2.9364,-2.805,-3.252,-2.9184,-3.9873,2.3112,2.53,2.4114,3.366,2.3188,5.8993,2.5801,2.3059,2.7618,0.0039415,0.011,-0.061153,-0.016164,-0.1391,0.046621,-0.10295,-0.0879,-0.11839,0.0039415,0.011,-0.061153,-0.016164,-0.1391,0.046621,-0.10295,-0.0879,-0.11839
29,0.3568,0.2053,-0.0967,-0.194,0.1645,-0.1635,-0.2116,0.3727,0.0572,0.2601,0.1602,0.1981,0.0547,0.2155,0.1874,0.2411,0.1493,0.086,-2.0134,-1.75,-3.1484,-4.3017,-1.6382,-3.0867,-3.4223,-1.3843,-2.2378,1.4997,2.9134,2.9185,3.3895,2.7428,2.9038,3.1986,1.7077,3.336,-0.010984,0.016589,0.15059,0.049454,0.010253,0.018786,0.1412,-0.060237,0.01827,-0.010984,0.016589,0.15059,0.049454,0.010253,0.018786,0.1412,-0.060237,0.01827
30,-0.1826,-0.3655,-0.2631,-0.3426,-0.1913,-0.3348,-0.3979,-0.1512,-0.255,0.1778,0.099,0.0831,0.0612,0.2188,0.1968,0.0744,0.1486,0.0465,-2.1457,-2.238,-3.73,-3.5226,-3.2026,-2.9895,-3.4382,-3.7076,-3.6755,3.5627,1.7481,3.6448,3.3441,1.8765,4.4813,3.4248,4.3172,3.16,0.069349,0.048326,0.038363,0.03664,0.0021104,0.025158,0.028423,0.0094763,-0.012667,0.069349,0.048326,0.038363,0.03664,0.0021104,0.025158,0.028423,0.0094763,-0.012667
31,0.0235,0.2793,0.1322,0.0882,0.3033,0.1258,0.155,0.0733,0.0993,0.1711,0.1466,0.1099,0.0717,0.1181,0.1061,0.1309,0.185,0.0824,-1.5013,-1.7622,-3.3823,-3.2044,-2.0627,-2.3687,-2.8676,-3.4274,-3.2435,2.8581,2.9811,3.9909,4.386,2.5748,3.0527,3.7698,4.1716,4.2697,-0.0099386,0.06432,0.042559,0.026369,0.031616,0.060422,0.042785,-0.0021103,0.038538,-0.0099386,0.06432,0.042559,0.026369,0.031616,0.060422,0.042785,-0.0021103,0.038538
32,0.0335,0.2994,0.1657,0.2555,0.2192,0.1845,0.334,0.1445,0.2693,0.1136,0.1322,0.095,0.0422,0.1134,0.0259,0.0475,0.2065,0.0624,-1.7728,-3.1081,-3.7869,-3.3505,-3.5256,-2.5823,-2.849,-4.0979,-3.3849,2.2439,2.3564,4.0145,3.5747,2.4532,3.1182,3.7614,4.9895,4.5187,-0.034683,-0.015622,-0.005085,-0.0073278,0.00088715,-0.0028451,-0.0071341,-0.072739,-0.0052467,-0.034683,-0.015622,-0.005085,-0.0073278,0.00088715,-0.0028451,-0.0071341,-0.072739,-0.0052467
33,-0.3228,-0.0873,0.0117,0.0013,0.121,-0.0331,0.0839,-0.0868,-0.0513,0.3899,0.1901,0.1771,0.182,0.1909,0.3786,0.1697,0.3437,0.2526,-3.1371,-1.9546,-3.2993,-4.2316,-1.993,-3.846,-3.382,-3.4447,-4.3968,2.8623,1.7476,4.2801,3.8459,2.9052,3.2981,2.9774,2.5576,2.9028,0.075148,0.1439,0.11066,0.09117,0.1439,0.038195,-0.05178,0.18252,0.06267,0.075148,0.1439,0.11066,0.09117,0.1439,0.038195,-0.05178,0.18252,0.06267
34,0.0827,0.1227,0.1424,0.1648,0.0236,0.0453,0.0377,-0.0272,-0.002,0.4711,0.3002,0.0277,0.0655,0.2739,0.152,0.1781,0.5328,0.1898,-3.0204,-3.5552,-3.1081,-3.3137,-3.1455,-3.5425,-2.3523,-3.5156,-4.1313,2.775,2.6827,3.1905,3.4098,3.2945,3.2091,3.4147,2.3562,3.401,0.027061,-0.011765,-0.02729,0.010363,0.03455,0.053777,-0.041551,-0.056545,-0.037733,0.027061,-0.011765,-0.02729,0.010363,0.03455,0.053777,-0.041551,-0.056545,-0.037733
35,0.1946,0.0094,-0.2625,-0.2229,-0.1679,0.0604,0.0757,-0.0069,0.1473,0.2109,0.2586,0.0936,0.0828,0.2094,0.0793,0.0516,0.1959,0.0942,-2.4469,-2.3336,-4.4748,-3.7943,-2.4449,-2.3955,-2.6672,-1.8919,-2.6633,1.9092,3.4284,3.6895,3.2623,3.5498,2.2316,3.7705,2.0297,3.2419,0.013219,-0.13568,-0.034419,-0.022419,-0.1428,-0.044233,-0.10622,-0.033833,-0.089738,0.013219,-0.13568,-0.034419,-0.022419,-0.1428,-0.044233,-0.10622,-0.033833,-0.089738
36,-0.3134,-0.1269,-0.146,-0.0671,-0.3601,-0.2208,-0.137,-0.2815,-0.1759,0.2258,0.1786,0.0434,0.016,0.2094,0.0241,0.0366,0.1678,0.0989,-3.1436,-3.2485,-3.369,-3.5042,-2.9604,-3.725,-4.0883,-3.0087,-2.9411,1.7325,3.444,2.9499,3.6146,2.6209,3.0972,5.3419,1.959,2.7002,-0.032947,0.17526,-0.010327,-0.0042947,0.106,0.019166,0.0083576,0.0058067,-0.045039,-0.032947,0.17526,-0.010327,-0.0042947,0.106,0.019166,0.0083576,0.0058067,-0.045039
37,0.0284,-0.1462,0.1372,0.114,0.1584,0.0715,0.1536,0.1522,0.2562,0.3441,0.3171,0.0263,0.0243,0.1973,0.0856,0.0238,0.1983,0.1394,-2.7802,-1.9228,-3.3269,-3.8445,-1.9357,-3.7684,-3.2795,-2.5072,-2.8039,1.6842,2.7452,3.7581,3.888,2.1292,3.5733,3.7606,4.2574,3.2824,0.063058,0.014944,0.051302,0.053966,0.10067,0.054425,0.053503,0.1096,0.032537,0.063058,0.014944,0.051302,0.053966,0.10067,0.054425,0.053503,0.1096,0.032537
38,0.371,0.1867,0.1828,0.0541,0.4027,0.3687,0.1623,0.3172,0.3472,0.2736,0.2926,0.0386,0.0293,0.3617,0.0181,0.0299,0.2357,0.0677,-3.0503,-2.0088,-3.1518,-3.2568,-2.5113,-3.14,-3.1159,-2.4538,-2.9052,2.5764,3.2838,4.0541,3.9373,3.9524,3.1745,3.7817,2.454,3.6226,-0.034106,-0.023286,0.032793,0.026598,-0.12915,-0.018475,-0.012103,-0.021166,-0.035545,-0.034106,-0.023286,0.032793,0.026598,-0.12915,-0.018475,-0.012103,-0.021166,-0.035545
39,-0.1483,-0.0243,-0.0437,-0.0267,-0.002,-0.064,-0.0426,-0.0982,-0.0862,0.1391,0.1498,0.1167,0.2264,0.1867,0.1511,0.256,0.1095,0.1926,-2.1038,-2.3062,-3.5255,-3.1846,-2.4788,-4.1634,-3.1989,-2.448,-3.3216,3.0919,2.0712,3.4943,2.9693,2.1556,3.4272,3.0318,2.5653,3.0016,-0.048089,-0.14529,-0.12396,-0.11969,-0.15475,-0.096482,-0.16543,-0.10781,-0.11469,-0.048089,-0.14529,-0.12396,-0.11969,-0.15475,-0.096482,-0.16543,-0.10781,-0.11469
40,0.0325,0.0422,0.0135,0.0013,0.036,-0.0569,-0.0234,-0.036,-0.0257,0.0935,0.1269,0.0647,0.1317,0.0822,0.1064,0.1065,0.1464,0.1168,-2.5609,-2.0213,-3.1567,-3.1074,-2.2504,-3.5467,-2.5299,-2.5861,-2.8713,2.5611,2.0255,3.3668,2.7396,2.1797,3.2422,2.6777,2.1541,2.7599,-0.051038,-0.063303,-0.04978,-0.070796,-0.072946,-0.062346,-0.059559,-0.082602,-0.068768,-0.051038,-0.063303,-0.04978,-0.070796,-0.072946,-0.062346,-0.059559,-0.082602,-0.068768
41,0.4258,0.2648,0.2249,0.3145,0.2092,0.2923,0.2571,0.3915,0.3274,0.0876,0.1333,0.0903,0.118,0.1569,0.0917,0.1513,0.0964,0.1143,-1.6945,-1.6993,-3.0888,-2.1072,-1.7773,-2.8267,-2.064,-1.3104,-1.7174,2.9773,2.4684,3.7775,2.8666,2.6458,3.3848,2.9708,2.5895,2.7314,-0.035586,0.01155,0.033718,0.064929,0.05356,0.050176,0.042999,-0.014771,0.023608,-0.035586,0.01155,0.033718,0.064929,0.05356,0.050176,0.042999,-0.014771,0.023608
42,-0.1145,-0.2411,-0.1074,-0.0212,-0.0477,-0.0519,-0.1671,-0.1335,-0.2836,0.2865,0.3612,0.3434,0.0757,0.2919,0.068,0.2648,0.2336,0.1453,-3.6462,-3.366,-4.2894,-3.5346,-4.9271,-3.5896,-4.5665,-3.3106,-2.8932,1.18,1.7352,2.4375,3.4893,3.7599,3.175,4.6656,1.1275,2.5228,0.090797,0.051016,0.0094775,0.020388,0.046034,0.017894,0.061257,0.023025,-0.038901,0.090797,0.051016,0.0094775,0.020388,0.046034,0.017894,0.061257,0.023025,-0.038901
43,0.2931,0.2106,0.2523,0.0651,0.2204,0.1869,0.085,0.1232,0.2063,0.1253,0.3532,0.1217,0.0451,0.0936,0.028,0.0683,0.111,0.0623,-0.9011,-2.6561,-4.6298,-5.2016,-3.0965,-3.0426,-3.7916,-1.7444,-2.955,1.3214,3.8273,2.9749,3.9891,3.1771,3.4893,3.2045,1.7411,3.105,0.058203,0.16862,0.11579,0.021626,0.12539,0.026905,0.078135,0.060989,0.048535,0.058203,0.16862,0.11579,0.021626,0.12539,0.026905,0.078135,0.060989,0.048535
44,0.2671,0.1957,0.1471,0.0273,0.0589,0.1399,0.1504,0.4907,0.3524,0.129,0.223,0.1126,0.0308,0.1145,0.0448,0.0423,0.0828,0.1719,-1.6769,-1.6414,-7.1263,-3.5039,-3.1412,-3.2143,-3.3168,-2.0113,-2.6893,1.4036,2.2313,4.8561,3.9928,3.0587,3.3737,4.022,2.2924,3.9472,0.054401,0.021032,-0.0056973,0.0084871,0.0089179,-0.015,-0.017488,-0.063808,-0.028168,0.054401,0.021032,-0.0056973,0.0084871,0.0089179,-0.015,-0.017488,-0.063808,-0.028168
45,0.0145,-0.1071,-0.1286,-0.0944,-0.1866,-0.2878,-0.2111,-0.0332,-0.1833,0.3361,0.1634,0.2021,0.4187,0.2156,0.0623,0.3295,0.3137,0.0459,-2.057,-2.6306,-2.6935,-3.586,-1.9558,-3.4361,-2.5095,-2.5922,-3.6259,2.0317,2.2902,2.1955,2.3971,2.1253,7.5317,2.9558,2.2778,3.6742,0.13728,-0.018293,-0.048118,0.0018796,0.10173,0.012896,0.021005,0.13304,0.026379,0.13728,-0.018293,-0.048118,0.0018796,0.10173,0.012896,0.021005,0.13304,0.026379
46,-0.0828,-0.1602,-0.057,-0.000878,-0.0995,-0.0848,-0.1035,-0.0598,0.007,0.4841,0.324,0.3572,0.273,0.225,0.1169,0.1892,0.2231,0.0483,-3.1052,-2.7549,-3.7098,-4.2942,-3.1418,-3.2765,-3.0984,-2.3907,-3.2965,2.1542,3.2279,3.685,2.4957,1.7203,3.6757,2.9164,2.1109,4.2906,-0.018782,0.0070656,0.030948,0.0464,0.12417,0.0082268,0.0017696,0.11405,0.0008029,-0.018782,0.0070656,0.030948,0.0464,0.12417,0.0082268,0.0017696,0.11405,0.0008029
47,0.2341,0.4009,0.3133,0.1372,0.085,0.371,0.3835,-0.0651,0.1286,0.2338,0.2196,0.2552,0.1352,0.1408,0.0563,0.1699,0.1219,0.0379,-2.7539,-2.8334,-3.3072,-3.0519,-3.5593,-2.8608,-2.1055,-2.9115,-3.5745,2.1312,3.0038,2.9489,14.4778,2.68,3.8344,4.2325,2.1364,4.3769,-0.17822,-0.001084,0.075723,0.14577,0.14315,-0.045769,0.0055462,0.055286,-0.030046,-0.17822,-0.001084,0.075723,0.14577,0.14315,-0.045769,0.0055462,0.055286,-0.030046
48,-0.6921,-0.4199,-0.597,-0.3482,-0.4022,-0.3762,-0.601,-0.5744,-0.3732,0.2438,0.2688,0.3394,0.4079,0.3459,0.2064,0.2832,0.2418,0.2509,-2.6403,-4.2829,-3.539,-4.7574,-2.9506,-3.1377,-2.7303,-3.0893,-2.3665,1.3811,2.488,2.5954,3.039,2.4349,2.833,2.5461,1.5775,2.5653,0.049233,0.064049,-0.0018729,0.015854,0.016171,0.021717,0.019501,0.090049,-0.026293,0.049233,0.064049,-0.0018729,0.015854,0.016171,0.021717,0.019501,0.090049,-0.026293
49,0.1007,0.1667,0.2784,0.2576,0.0029,0.0648,0.2519,-0.1193,0.0726,0.1502,0.1623,0.2953,0.2785,0.1886,0.2087,0.1799,0.2355,0.2257,-2.3632,-2.3166,-2.5448,-2.8084,-2.2565,-2.6569,-2.3064,-2.4211,-2.36,2.738,2.3276,2.2278,2.7016,2.4333,3.7393,2.3338,2.486,3.4072,0.0042288,-0.04784,-0.097684,-0.06532,-0.068308,-0.11979,-0.067332,0.017425,-0.11553,0.0042288,-0.04784,-0.097684,-0.06532,-0.068308,-0.11979,-0.067332,0.017425,-0.11553
50,0.6153,0.3787,0.3425,0.0931,0.4508,0.4695,0.4073,0.6531,0.4264,0.2065,0.1872,0.1931,0.1412,0.2221,0.098,0.1552,0.1404,0.1566,-1.4571,-3.5004,-3.026,-3.773,-2.1264,-2.1886,-2.639,-1.9947,-2.4479,3.4799,3.4438,3.2603,3.2355,3.8404,3.6466,3.4259,2.8452,4.8641,-0.09577,-0.053687,0.015882,0.027792,-0.068024,-0.048849,-0.097644,-0.18121,-0.10996,-0.09577,-0.053687,0.015882,0.027792,-0.068024,-0.048849,-0.097644,-0.18121,-0.10996
51,0.25,0.0294,-0.0562,-0.1203,-0.0448,-0.1387,-0.0591,0.1048,-0.0339,0.1469,0.2403,0.1874,0.2199,0.2212,0.1076,0.186,0.3334,0.2279,-0.8799,-3.4215,-3.4729,-3.1767,-3.3307,-11.5634,-3.178,-1.7878,-3.2203,1.5964,3.6673,8.931,7.2775,2.457,3.5334,3.1543,2.4054,4.047,-0.033621,-0.11526,0.080591,0.084989,-0.055895,0.059098,-0.025808,-0.014764,-0.051979,-0.033621,-0.11526,0.080591,0.084989,-0.055895,0.059098,-0.025808,-0.014764,-0.051979
52,-0.2622,-0.0936,0.1029,0.0996,-0.1782,0.0333,-0.0275,-0.1142,0.0376,0.6007,0.3466,0.1302,0.2186,0.1921,0.043,0.1238,0.5376,0.1042,-5.8752,-2.6864,-3.1098,-3.0133,-2.496,-3.2955,-2.8666,-3.9069,-2.8254,1.774,4.1631,4.3411,5.4594,2.5057,3.7636,3.4003,2.1013,3.5664,-0.05014,0.053736,0.094938,0.12385,0.1525,0.073743,0.11441,0.039253,0.063513,-0.05014,0.053736,0.094938,0.12385,0.1525,0.073743,0.11441,0.039253,0.063513
53,0.0014,0.1118,-0.199,-0.1378,0.3138,0.0161,0.0779,0.0455,0.062,0.5493,0.1337,0.0602,0.0383,0.1017,0.0778,0.0735,0.5814,0.1611,-4.2752,-1.7967,-3.8496,-3.3198,-2.2338,-3.3326,-2.732,-4.7552,-2.5811,1.1217,2.9291,2.9998,2.2313,2.5514,4.4486,2.2183,2.2454,4.5948,-0.11886,-0.0031194,0.082072,0.081832,0.0044404,-0.039416,0.021594,-0.16646,-0.070609,-0.11886,-0.0031194,0.082072,0.081832,0.0044404,-0.039416,0.021594,-0.16646,-0.070609
54,-0.5218,0.0642,0.133,0.017,-0.0995,-0.0559,0.1371,-0.1897,0.0332,0.6019,0.4934,0.1837,0.042,0.4517,0.1326,0.361,0.5197,0.0617,-5.7641,-4.7693,-3.5006,-3.5454,-3.1917,-3.5925,-9.0991,-9.0941,-2.8485,2.4046,3.4923,3.987,3.5341,3.1935,3.8542,6.3454,3.5316,3.1299,-0.029445,0.032966,-0.022672,0.0080265,0.1009,-0.03175,-0.051627,0.075321,-0.033199,-0.029445,0.032966,-0.022672,0.0080265,0.1009,-0.03175,-0.051627,0.075321,-0.033199
55,0.164,0.0613,-0.0432,0.0117,0.1216,0.0377,-0.0898,0.1607,-0.0275,0.2106,0.1188,0.0737,0.0303,0.0377,0.0781,0.0648,0.0821,0.0774,-1.8218,-2.2817,-3.5102,-3.4001,-1.8152,-3.4865,-3.1705,-2.1252,-3.0923,2.0554,2.7509,3.967,3.6379,2.0851,4.1484,3.9703,2.6965,3.8584,-0.045073,-0.089928,-0.083365,-0.035481,-0.019162,-0.13092,-0.094408,-0.019178,-0.12646,-0.045073,-0.089928,-0.083365,-0.035481,-0.019162,-0.13092,-0.094408,-0.019178,-0.12646
56,0.4028,0.0476,0.0971,0.0931,0.1524,-0.0439,0.0401,0.1534,0.0612,0.179,0.0677,0.1126,0.0226,0.1064,0.1322,0.0875,0.0982,0.1047,-1.162,-1.2234,-3.2691,-3.363,-1.6802,-3.5237,-2.4911,-2.3014,-3.4133,2.1397,3.6797,4.8655,3.6065,3.228,4.1977,4.0552,3.6341,5.3377,-0.033462,-0.12659,-0.042647,-0.045133,-0.11757,0.0098003,-0.086597,-0.035528,-0.056036,-0.033462,-0.12659,-0.042647,-0.045133,-0.11757,0.0098003,-0.086597,-0.035528,-0.056036
57,0.0745,-0.019,-0.1142,-0.0327,0.0029,0.0339,-0.0554,-0.0659,-0.0844,0.2339,0.2324,0.1786,0.0928,0.2082,0.0716,0.1622,0.1669,0.1225,-1.768,-2.2219,-2.6303,-3.2673,-2.5033,-2.3677,-2.6617,-1.8124,-2.8391,1.8243,1.7292,2.6794,3.1001,1.5462,2.9759,2.4024,1.8216,2.4019,-0.0093644,-0.11006,-0.12108,-0.058655,-0.055259,-0.064396,-0.13606,-0.13274,-0.10109,-0.0093644,-0.11006,-0.12108,-0.058655,-0.055259,-0.064396,-0.13606,-0.13274,-0.10109
58,-0.000504,0.2295,0.2118,0.1441,0.0191,0.1444,0.2073,0.0475,0.1758,0.304,0.279,0.1708,0.0853,0.1164,0.234,0.1596,0.3162,0.1429,-3.6367,-2.5971,-2.8485,-3.5513,-2.6094,-4.1708,-2.4233,-3.2063,-2.7235,2.3648,2.8478,3.5239,4.3257,2.8073,3.3532,3.0348,3.0572,3.4321,-0.0786,-0.069337,-0.10686,-0.02944,-0.13882,-0.09145,-0.077796,-0.080343,-0.075034,-0.0786,-0.069337,-0.10686,-0.02944,-0.13882,-0.09145,-0.077796,-0.080343,-0.075034
59,0.3929,0.2342,0.1866,0.1671,0.2637,0.2455,0.149,0.4463,0.2591,0.1915,0.1486,0.1431,0.1095,0.2188,0.0738,0.1842,0.0971,0.1157,-1.6273,-1.9665,-2.4524,-3.2002,-1.7962,-2.3593,-2.3726,-1.4185,-2.636,2.2127,2.9642,3.532,4.3384,3.0063,4.0532,3.196,2.9948,3.4657,-0.031109,-0.13294,-0.060278,-0.095024,-0.078947,-0.12728,-0.076619,-0.083562,-0.087874,-0.031109,-0.13294,-0.060278,-0.095024,-0.078947,-0.12728,-0.076619,-0.083562,-0.087874
60,-0.3033,-0.2536,-0.1994,0.0012,0.0682,-0.2705,-0.1641,-0.3418,-0.2088,0.5277,0.5521,0.3303,0.3005,0.1655,0.1734,0.271,0.2393,0.1391,-3.6433,-2.8478,-2.2912,-3.6424,-2.2866,-3.152,-2.3488,-2.3944,-2.9274,1.9682,2.4663,2.1363,3.353,2.12,2.6082,2.5732,1.752,3.2138,0.075161,0.0078237,0.15839,0.031049,-0.073451,0.0446,0.077406,0.20933,-0.049542,0.075161,0.0078237,0.15839,0.031049,-0.073451,0.0446,0.077406,0.20933,-0.049542
61,-0.0866,-0.0021,-0.0565,-0.1384,-0.1181,0.1987,-0.1386,0.0279,0.1122,0.2144,0.1604,0.1994,0.0647,0.3287,0.2116,0.1274,0.2814,0.2397,-1.8617,-1.9115,-1.7443,-2.7806,-2.4703,-2.3207,-2.1077,-1.4421,-1.8556,2.3277,2.8656,2.9328,2.32,2.9325,3.2953,2.8335,3.1746,3.4203,-0.089292,-0.10059,-0.022868,-0.029044,-0.10516,-0.1076,-0.069875,-0.0073734,-0.11377,-0.089292,-0.10059,-0.022868,-0.029044,-0.10516,-0.1076,-0.069875,-0.0073734,-0.11377
62,0.2242,-0.0448,-0.2553,-0.2946,0.0673,0.2768,-0.2484,-0.0607,0.14,0.1506,0.2329,0.1196,0.0929,0.186,0.1729,0.159,0.1068,0.08,-1.7688,-2.362,-2.1732,-3.2471,-2.711,-2.9498,-2.5687,-1.913,-2.6339,2.2327,1.9535,1.9772,2.562,3.6011,3.5552,2.3541,2.4721,3.4676,-0.13839,-0.0036233,0.070303,0.042522,-0.11531,-0.09479,0.035531,0.018906,-0.085602,-0.13839,-0.0036233,0.070303,0.042522,-0.11531,-0.09479,0.035531,0.018906,-0.085602
63,-0.2524,-0.4315,-0.1314,-0.0985,-0.4042,-0.3883,-0.1299,-0.2139,-0.2774,0.4437,0.2723,0.0709,0.0919,0.2791,0.1196,0.2668,0.3254,0.1957,-3.8062,-2.9523,-4.0471,-3.5019,-2.9584,-3.0345,-4.4749,-3.7478,-3.1076,1.7044,2.2307,3.5159,2.6986,1.7617,2.7204,2.9867,1.6694,3.4869,0.092018,0.065264,0.055228,0.12871,0.15012,-0.033386,0.01186,-0.026647,-0.069519,0.092018,0.065264,0.055228,0.12871,0.15012,-0.033386,0.01186,-0.026647,-0.069519
64,0.2095,-0.144,-0.0522,-0.0799,-0.0923,-0.0155,-0.0082,0.2862,-0.0171,0.1775,0.1343,0.0663,0.1615,0.1751,0.1388,0.1999,0.3928,0.192,-2.0328,-1.8446,-3.6185,-3.294,-1.9815,-2.2226,-2.2892,-3.1424,-2.824,2.3821,2.0784,4.4992,4.0573,2.8042,3.1488,3.0904,1.9543,4.3492,-0.078195,-0.077879,0.035425,0.099663,0.025632,-0.089714,0.0064839,-0.027497,-0.092181,-0.078195,-0.077879,0.035425,0.099663,0.025632,-0.089714,0.0064839,-0.027497,-0.092181
65,0.3462,0.5081,0.0317,-0.0808,0.5268,0.5287,0.2489,0.2407,0.4494,0.2639,0.154,0.0865,0.0463,0.1471,0.1083,0.1112,0.2865,0.0825,-3.1161,-1.557,-3.4544,-3.5686,-1.8336,-1.386,-3.3153,-2.8694,-1.8742,2.5349,2.8342,8.5172,3.4907,2.5383,3.0594,2.9734,1.7397,2.929,-0.011123,-0.038692,0.018899,0.050386,-0.097954,-0.1342,-0.13691,-0.0014506,-0.085924,-0.011123,-0.038692,0.018899,0.050386,-0.097954,-0.1342,-0.13691,-0.0014506,-0.085924
66,0.0104,0.0018,-0.0954,-0.0745,-0.0525,-0.0993,-0.1836,-0.1782,-0.1305,0.2914,0.2284,0.5194,0.3437,0.2168,0.2834,0.2515,0.3945,0.2972,-2.7846,-2.7766,-2.9199,-3.2408,-2.2647,-3.5718,-2.5715,-4.0338,-3.1035,1.982,3.0417,2.2908,2.578,2.6426,3.0408,2.4087,2.4646,2.5402,0.14791,0.11812,0.1834,0.10924,0.12469,0.035923,0.16072,0.0020446,-0.01905,0.14791,0.11812,0.1834,0.10924,0.12469,0.035923,0.16072,0.0020446,-0.01905
67,-0.164,-0.1023,0.0455,-0.089,-0.1932,-0.0669,-0.2315,-0.2238,-0.1023,0.5342,0.1859,0.3649,0.2473,0.2464,0.1922,0.2335,0.4321,0.2045,-4.117,-2.4733,-2.3191,-2.525,-2.4874,-2.8796,-3.0262,-3.996,-2.5455,1.7974,2.6915,1.9541,2.829,3.149,3.0862,3.1438,1.8724,3.1754,0.12221,0.029554,0.068938,-0.022146,0.084225,-0.069352,-0.01444,0.004641,-0.10298,0.12221,0.029554,0.068938,-0.022146,0.084225,-0.069352,-0.01444,0.004641,-0.10298
68,0.1546,0.171,-0.2363,0.2018,0.1468,0.2805,0.2,0.3309,0.3519,0.3013,0.2933,0.178,0.2844,0.2964,0.2412,0.1675,0.1791,0.265,-3.204,-2.4339,-2.5437,-2.5559,-1.9118,-2.2111,-1.789,-1.3571,-2.0663,1.3819,3.1089,1.548,2.4995,2.0895,2.9149,2.3845,2.037,3.274,-0.115,-0.070307,0.05899,-0.026712,0.050018,-0.012737,0.011521,-0.0004172,-0.044509,-0.115,-0.070307,0.05899,-0.026712,0.050018,-0.012737,0.011521,-0.0004172,-0.044509
69,-0.1864,-0.3954,-0.3509,-0.2741,-0.3492,-0.0786,-0.1741,-0.332,-0.0769,0.3089,0.1559,0.3305,0.2231,0.1762,0.1661,0.1749,0.2848,0.2253,-2.9037,-2.6846,-3.9882,-3.1469,-3.0142,-3.4687,-2.7135,-4.1694,-2.9535,1.2565,3.1422,1.9005,2.2385,2.4586,3.3409,2.3761,1.7293,2.4338,0.059764,-0.0083612,0.11037,-0.039836,0.019709,-0.12683,-0.10508,-0.013452,-0.14243,0.059764,-0.0083612,0.11037,-0.039836,0.019709,-0.12683,-0.10508,-0.013452,-0.14243
70,0.0275,-0.0466,0.0988,-0.0387,-0.0912,0.004,0.0031,-0.0259,0.0309,0.1918,0.1557,0.3146,0.158,0.1931,0.1464,0.1874,0.2575,0.2463,-3.5291,-2.7046,-2.2547,-2.3795,-2.8018,-3.3246,-2.3934,-2.6083,-2.9257,1.504,2.3933,2.7251,2.1628,2.3041,3.1053,2.8821,2.1358,3.3593,-0.011778,-0.060676,0.069638,0.03092,-0.079302,-0.024347,-0.060903,-0.084803,-0.059176,-0.011778,-0.060676,0.069638,0.03092,-0.079302,-0.024347,-0.060903,-0.084803,-0.059176
71,0.3774,0.5871,0.0845,0.4453,0.4275,0.2688,0.4206,0.4837,0.2551,0.446,0.1312,0.1565,0.1086,0.0959,0.1431,0.1081,0.1836,0.2335,-3.2634,-1.7106,-2.4566,-1.9783,-1.7512,-2.9696,-1.6343,-1.8835,-2.8616,1.7916,3.757,1.7719,2.7351,3.8341,2.9044,2.8534,2.9988,2.3208,0.045715,-0.13185,0.082051,-0.1213,-0.14599,0.030493,-0.08181,-0.11297,-0.0015022,0.045715,-0.13185,0.082051,-0.1213,-0.14599,0.030493,-0.08181,-0.11297,-0.0015022
72,-0.1706,-0.1575,-0.0437,-0.0213,0.0768,-0.1289,0.0853,-0.0573,-0.1243,0.4572,0.0997,0.1591,0.2039,0.1662,0.0868,0.1552,0.4028,0.189,-4.5953,-2.5112,-2.1667,-2.7999,-1.9317,-3.2755,-2.2607,-3.6517,-3.2537,2.6627,2.2844,2.2354,2.1787,2.931,3.8092,3.0325,3.0064,4.437,-0.12168,0.070416,0.16693,0.20877,0.12081,0.027963,0.13091,-0.11705,-0.00020802,-0.12168,0.070416,0.16693,0.20877,0.12081,0.027963,0.13091,-0.11705,-0.00020802
73,-0.0074,-0.3526,-0.2195,-0.1466,-0.3075,-0.1806,-0.3215,-0.176,-0.1721,0.2972,0.1981,0.1471,0.1645,0.2232,0.1042,0.1537,0.363,0.081,-2.7223,-2.4915,-3.6379,-3.1342,-3.1923,-3.9192,-3.2097,-3.7953,-3.29,2.2694,1.9758,1.8775,2.2793,2.5264,3.224,3.3138,2.3437,4.9501,0.047335,-0.014371,0.030293,0.061508,0.06172,0.007462,0.032283,0.0014177,-0.072625,0.047335,-0.014371,0.030293,0.061508,0.06172,0.007462,0.032283,0.0014177,-0.072625
74,0.217,0.0579,-0.1588,-0.1262,0.0373,0.2303,-0.1413,0.4023,0.1349,0.6034,0.1621,0.2369,0.2192,0.2739,0.0609,0.3586,0.3214,0.0588,-5.5629,-2.3484,-3.4276,-3.6601,-2.9882,-3.9347,-4.3831,-1.4679,-3.2025,2.3016,2.1541,2.4,2.261,2.9539,3.8022,2.8151,2.3206,3.873,-0.10352,-0.026851,-0.042156,0.050054,-0.011152,-0.065248,-0.08918,-0.073301,-0.007361,-0.10352,-0.026851,-0.042156,0.050054,-0.011152,-0.065248,-0.08918,-0.073301,-0.007361
75,-0.3078,-0.2126,-0.1177,-0.0154,-0.2963,-0.0134,-0.0145,-0.1236,-0.0163,0.2806,0.3037,0.1113,0.1432,0.1181,0.0609,0.0931,0.3438,0.2443,-3.5327,-2.7139,-3.7547,-3.8196,-2.6502,-3.4813,-3.4271,-2.5677,-3.6712,6.4271,2.5699,3.5987,3.8778,2.1403,4.2707,3.4782,2.2021,3.3439,0.061742,0.042419,0.10167,0.10581,0.16701,0.026793,0.034489,0.27896,0.009814,0.061742,0.042419,0.10167,0.10581,0.16701,0.026793,0.034489,0.27896,0.009814
76,0.0861,-0.0152,0.0352,0.0835,-0.0106,0.0252,0.1191,-0.0674,0.0751,0.436,0.1464,0.0923,0.158,0.2082,0.0302,0.0998,0.1947,0.2175,-3.9674,-2.2758,-3.6227,-3.0147,-2.5818,-3.5265,-3.5692,-2.2138,-3.415,7.7954,2.826,4.0807,3.7363,3.2868,7.8032,5.5146,2.6691,3.1062,-0.012198,-0.074562,-0.05936,-0.070366,-0.11417,-0.0089907,-0.052551,-0.011479,-0.13097,-0.012198,-0.074562,-0.05936,-0.070366,-0.11417,-0.0089907,-0.052551,-0.011479,-0.13097
77,0.3215,0.1877,0.0285,-0.1094,0.201,-0.0255,-0.0318,-0.0719,-0.0196,0.3845,0.1581,0.0537,0.096,0.2211,0.0382,0.0565,0.0931,0.0843,-2.5834,-1.6753,-3.0137,-3.622,-2.3501,-3.2682,-3.4254,-1.9777,-2.8345,8.0719,3.1836,3.715,3.4722,3.2382,3.7378,3.4263,2.2462,3.0709,0.013471,-0.053316,-0.029823,0.015997,-0.092886,-0.0026184,-0.013868,-0.032456,-0.02624,0.013471,-0.053316,-0.029823,0.015997,-0.092886,-0.0026184,-0.013868,-0.032456,-0.02624
